-- MySQL dump 10.13  Distrib 9.7.1, for macos26.4 (arm64)
--
-- Host: 127.0.0.1    Database: yin_music
-- ------------------------------------------------------
-- Server version	9.7.1

/*!40101 SET @OLD_CHARACTER_SET_CLIENT=@@CHARACTER_SET_CLIENT */;
/*!40101 SET @OLD_CHARACTER_SET_RESULTS=@@CHARACTER_SET_RESULTS */;
/*!40101 SET @OLD_COLLATION_CONNECTION=@@COLLATION_CONNECTION */;
/*!50503 SET NAMES utf8mb4 */;
/*!40103 SET @OLD_TIME_ZONE=@@TIME_ZONE */;
/*!40103 SET TIME_ZONE='+00:00' */;
/*!40014 SET @OLD_UNIQUE_CHECKS=@@UNIQUE_CHECKS, UNIQUE_CHECKS=0 */;
/*!40014 SET @OLD_FOREIGN_KEY_CHECKS=@@FOREIGN_KEY_CHECKS, FOREIGN_KEY_CHECKS=0 */;
/*!40101 SET @OLD_SQL_MODE=@@SQL_MODE, SQL_MODE='NO_AUTO_VALUE_ON_ZERO' */;
/*!40111 SET @OLD_SQL_NOTES=@@SQL_NOTES, SQL_NOTES=0 */;

--
-- Table structure for table `admin`
--

DROP TABLE IF EXISTS `admin`;
/*!40101 SET @saved_cs_client     = @@character_set_client */;
/*!50503 SET character_set_client = utf8mb4 */;
CREATE TABLE `admin` (
  `id` int unsigned NOT NULL AUTO_INCREMENT,
  `name` varchar(45) NOT NULL,
  `password` varchar(100) NOT NULL,
  PRIMARY KEY (`id`),
  UNIQUE KEY `name_UNIQUE` (`name`)
) ENGINE=InnoDB AUTO_INCREMENT=3 DEFAULT CHARSET=utf8mb3;
/*!40101 SET character_set_client = @saved_cs_client */;

--
-- Dumping data for table `admin`
--

LOCK TABLES `admin` WRITE;
/*!40000 ALTER TABLE `admin` DISABLE KEYS */;
INSERT INTO `admin` VALUES (1,'admin','$2a$10$bvkwMsWJk0AxovNY/jaGqe7Yd3vVdF2CqZiG3nWj.lRW5Py4DSe.6');
/*!40000 ALTER TABLE `admin` ENABLE KEYS */;
UNLOCK TABLES;

--
-- Table structure for table `banner`
--

DROP TABLE IF EXISTS `banner`;
/*!40101 SET @saved_cs_client     = @@character_set_client */;
/*!50503 SET character_set_client = utf8mb4 */;
CREATE TABLE `banner` (
  `id` int NOT NULL AUTO_INCREMENT,
  `pic` varchar(255) NOT NULL,
  `url` varchar(255) DEFAULT NULL,
  `title` varchar(255) DEFAULT NULL,
  PRIMARY KEY (`id`)
) ENGINE=InnoDB AUTO_INCREMENT=9 DEFAULT CHARSET=utf8mb3;
/*!40101 SET character_set_client = @saved_cs_client */;

--
-- Dumping data for table `banner`
--

LOCK TABLES `banner` WRITE;
/*!40000 ALTER TABLE `banner` DISABLE KEYS */;
INSERT INTO `banner` VALUES (1,'/img/swiper/1.jpg','https://github.com/Yin-Hongwei',''),(2,'/img/swiper/2.jpg','https://github.com/Yin-Hongwei',''),(3,'/img/swiper/3.jpg','https://github.com/Yin-Hongwei',''),(4,'/img/swiper/4.jpg','https://github.com/Yin-Hongwei',''),(5,'/img/swiper/5.jpg','https://github.com/Yin-Hongwei',''),(6,'/img/swiper/6.jpg','https://github.com/Yin-Hongwei',''),(7,'/img/swiper/7.jpg','https://github.com/Yin-Hongwei',''),(8,'/img/swiper/8.jpeg','https://github.com/Yin-Hongwei','');
/*!40000 ALTER TABLE `banner` ENABLE KEYS */;
UNLOCK TABLES;

--
-- Table structure for table `collect`
--

DROP TABLE IF EXISTS `collect`;
/*!40101 SET @saved_cs_client     = @@character_set_client */;
/*!50503 SET character_set_client = utf8mb4 */;
CREATE TABLE `collect` (
  `id` int unsigned NOT NULL AUTO_INCREMENT,
  `user_id` int unsigned NOT NULL,
  `type` tinyint NOT NULL,
  `song_id` int unsigned DEFAULT NULL,
  `song_sheet_id` int unsigned DEFAULT NULL,
  `create_time` datetime NOT NULL,
  PRIMARY KEY (`id`)
) ENGINE=InnoDB AUTO_INCREMENT=113 DEFAULT CHARSET=utf8mb3;
/*!40101 SET character_set_client = @saved_cs_client */;

--
-- Dumping data for table `collect`
--

LOCK TABLES `collect` WRITE;
/*!40000 ALTER TABLE `collect` DISABLE KEYS */;
INSERT INTO `collect` VALUES (4,94,0,23,NULL,'2019-01-07 16:41:44'),(16,94,0,24,NULL,'2019-01-07 17:34:07'),(21,5,0,24,NULL,'2019-01-08 15:18:33'),(45,26,0,44,NULL,'2020-03-21 22:26:37'),(46,26,0,36,NULL,'2020-03-21 22:28:24'),(54,12,0,9,NULL,'2020-04-26 21:47:45'),(55,12,0,11,NULL,'2020-04-26 21:49:33'),(57,12,0,10,NULL,'2020-05-01 17:08:54'),(58,12,0,110,NULL,'2020-05-02 16:30:26'),(63,1,0,11,NULL,'2022-01-21 17:33:47'),(65,1,0,22,NULL,'2022-01-25 16:56:55'),(98,1,0,28,NULL,'2022-04-21 21:37:06'),(105,61,1,NULL,1,'2026-04-30 11:45:41'),(106,61,0,21,NULL,'2026-04-30 12:26:26'),(110,61,0,24,NULL,'2026-04-30 13:11:19'),(111,61,1,NULL,2,'2026-04-30 13:12:19'),(112,61,0,22,NULL,'2026-04-30 13:49:47');
/*!40000 ALTER TABLE `collect` ENABLE KEYS */;
UNLOCK TABLES;

--
-- Table structure for table `comment`
--

DROP TABLE IF EXISTS `comment`;
/*!40101 SET @saved_cs_client     = @@character_set_client */;
/*!50503 SET character_set_client = utf8mb4 */;
CREATE TABLE `comment` (
  `id` int unsigned NOT NULL AUTO_INCREMENT,
  `user_id` int unsigned NOT NULL,
  `song_id` int unsigned DEFAULT NULL,
  `song_sheet_id` int unsigned DEFAULT NULL,
  `content` varchar(255) DEFAULT NULL,
  `create_time` datetime DEFAULT NULL,
  `type` tinyint NOT NULL,
  `like_count` int unsigned NOT NULL DEFAULT '0',
  PRIMARY KEY (`id`)
) ENGINE=InnoDB AUTO_INCREMENT=74 DEFAULT CHARSET=utf8mb3;
/*!40101 SET character_set_client = @saved_cs_client */;

--
-- Dumping data for table `comment`
--

LOCK TABLES `comment` WRITE;
/*!40000 ALTER TABLE `comment` DISABLE KEYS */;
INSERT INTO `comment` VALUES (3,1,0,1,'里面乱乱糟糟\n我们别再闹了\n这个冬天已然很冷了\n我们靠在一起。好吗','2019-01-06 16:12:13',1,8),(5,1,21,NULL,'允儿牵动我的心!!!','2019-01-06 18:12:53',0,0),(9,1,22,NULL,'林允儿这个人，饭她真的很骄傲。韩国人说汉语总会带着地域性极强的泡菜味，可是林允儿真的很用心在把准每一个汉字，从咬字到发音，再加上轻柔干净的嗓音加持，将柔美与舒缓表达到极致，将歌里想诉说的那种感情娓娓道来。','2019-01-06 19:36:01',0,0),(10,1,21,NULL,'像我们之间一段长久未诉的告白，被你这样娓娓道来，你问我爱你有多深，我爱你有几分，我的情不移我的爱不变，月亮代表我的心。','2019-01-06 19:44:37',0,4),(11,1,21,NULL,'当听这首歌曲的时候，看看天上的月亮。美爆了！','2019-01-06 19:45:51',0,2),(12,1,23,NULL,'太尼马好听了！堂堂正正的林歌手！！','2019-01-06 19:48:25',0,0),(13,1,23,NULL,'林允儿啊，真的唱的很标准，很动人，我的同学都没想到是林允儿唱的，呜呜呜，爱死你了林允儿','2019-01-06 19:54:01',0,0),(14,1,22,NULL,'真的好棒，我只听她这个版本的','2019-01-06 19:55:43',0,0),(17,1,22,NULL,'我的允宝啊，努力演戏想让我们看到一样的你，努力学中文唱给我们听越来越爱你了','2019-01-06 19:58:53',0,0),(18,1,22,NULL,'好听啊','2019-01-06 20:01:46',0,0),(19,1,23,NULL,'好听啊','2019-01-06 20:03:59',0,0),(20,1,21,NULL,'好听啊','2019-01-06 20:04:22',0,0),(24,5,NULL,1,'超喜欢！','2019-01-08 21:46:29',1,3),(26,5,NULL,2,'nice','2019-01-08 22:11:23',1,1),(27,1,NULL,0,'很有感觉','2019-01-08 22:32:51',1,2),(28,5,26,NULL,'好听','2019-01-08 22:42:07',0,0),(29,5,21,NULL,'nice!','2019-01-08 22:57:08',0,0),(30,5,15,NULL,'好听！','2019-01-08 23:03:43',0,0),(31,1,13,NULL,'好听！','2019-01-15 16:28:03',0,0),(32,1,19,NULL,'赞','2019-03-07 16:34:12',0,0),(34,1,NULL,1,'hao','2019-03-16 21:07:01',1,3),(35,1,NULL,38,'hao','2019-03-24 01:39:06',1,0),(36,1,NULL,0,'妙！','2019-03-24 01:48:56',1,1),(45,1,NULL,1,'啦啦啦(*≧∀≦)ﾉ','2019-04-25 21:24:43',1,0),(47,1,NULL,1,'好听！','2019-04-26 01:01:27',1,0),(53,1,107,NULL,'I love you！！！','2019-06-03 02:16:23',0,0),(54,1,95,NULL,'好听','2020-03-14 16:14:53',0,0),(55,1,28,NULL,'?','2020-03-14 16:19:11',0,0),(57,26,10,NULL,'good','2020-03-22 03:40:10',0,5),(59,1,28,NULL,'好听！','2022-03-05 16:54:31',0,0),(60,1,NULL,15,'好听！','2022-04-17 13:28:08',1,0),(61,1,NULL,15,'好听！','2022-04-17 13:28:17',1,0),(62,1,NULL,15,'好听！','2022-04-17 13:30:19',1,0),(63,1,NULL,15,'里面乱乱糟糟 我们别再闹了 这个冬天已然很冷了 我们靠在一起。好吗.里面乱乱糟糟 我们别再闹了 这个冬天已然很冷了 我们靠在一起。好吗.里面乱乱糟糟 我们别再闹了 这个冬天已然很冷了 我们靠在一起。好吗.里面乱乱糟糟 我们别再闹了 这个冬天已然很冷了 我们靠在一起。好吗','2022-04-17 22:57:06',1,0),(64,1,NULL,1,'好听！','2022-04-21 21:41:43',1,1),(68,59,NULL,1,'好听！','2022-04-22 00:57:07',1,0),(69,61,NULL,1,'好听！','2022-10-26 22:01:49',1,0),(70,61,9,NULL,'好听！','2023-01-16 00:36:21',0,0),(71,61,9,NULL,'好听！','2023-01-16 00:36:49',0,0),(73,61,21,NULL,'good\n','2026-04-30 11:48:06',0,0);
/*!40000 ALTER TABLE `comment` ENABLE KEYS */;
UNLOCK TABLES;

--
-- Table structure for table `singer`
--

DROP TABLE IF EXISTS `singer`;
/*!40101 SET @saved_cs_client     = @@character_set_client */;
/*!50503 SET character_set_client = utf8mb4 */;
CREATE TABLE `singer` (
  `id` int unsigned NOT NULL AUTO_INCREMENT,
  `name` varchar(45) NOT NULL,
  `sex` tinyint DEFAULT NULL COMMENT '0女 1男 2保密，仅个人(kind=0)有效',
  `kind` tinyint NOT NULL DEFAULT '0' COMMENT '0个人 1组合 2其他',
  `pic` varchar(255) DEFAULT NULL,
  `birth` datetime DEFAULT NULL,
  `location` varchar(45) DEFAULT NULL,
  `introduction` varchar(255) DEFAULT NULL,
  PRIMARY KEY (`id`)
) ENGINE=InnoDB AUTO_INCREMENT=21 DEFAULT CHARSET=utf8mb3;
/*!40101 SET character_set_client = @saved_cs_client */;

--
-- Dumping data for table `singer`
--

LOCK TABLES `singer` WRITE;
/*!40000 ALTER TABLE `singer` DISABLE KEYS */;
INSERT INTO `singer` VALUES (1,'Jessica',0,0,'/img/singerPic/1784617727714singer-avatar.jpg','1989-04-17 01:00:00','韩国','郑秀妍（Jessica Jung），1989年4月18日出生于美国加利福尼亚州旧金山市，歌手、演员、设计师。2000年，郑秀妍回国探亲时被韩国SM娱乐有限公司发掘，成为其旗下练习生。2007年8月，以演唱团体少女时代成员身份正式出道，是组合里训练时间最长的成员。2009年，首次在音乐剧《金发尤物》中担任主角“艾莉·伍兹”。2012年，首次以演员身份参演《暴力罗曼史》。'),(2,'林允儿',0,0,'/img/singerPic/1784617596190singer-avatar.jpg','1990-05-29 01:00:00','韩国','1990年5月30日出生于韩国首尔永登浦区，韩国女歌手、演员、主持人，女子演唱团体少女时代成员之一。2002年，林允儿参加韩国SM娱乐有限公司的选秀而进入SM公司成为旗下练习生。2007年8月5日，以演唱团体少女时代成员身份正式出道。2008年主演情感剧《你是我的命运》获得第45届韩国百想艺术大赏电视剧类最佳新人女演员奖和人气女演员奖。2009年主演励志爱情剧《乞丐变王子》...'),(3,'黎明',1,0,'/img/singerPic/1784618018982singer-avatar.jpg','1966-12-11 00:00:00','中国北京','香港四大天王之一，身兼歌手、演员、商人与慈善家。早年凭剧集走红，歌坛金曲传唱度极高，影视上凭借《甜蜜蜜》《三更之回家》等佳作斩获金马影帝，开创音乐品牌扶持新人，长期投身公益，形象温润儒雅，横跨影视乐坛多年影响力深远。'),(4,'周杰伦',1,0,'/img/singerPic/1784617578144singer-avatar.jpg','1979-01-08 00:00:00','中国台湾','著名歌手，音乐人，词曲创作人，编曲及制作人，MV及电影导演。新世纪华语歌坛领军人物，中国风歌曲始祖，被时代周刊誉为“亚洲猫王”，是2000年后亚洲流行乐坛最具革命性与指标性的创作歌手，亚洲销量超过3100万张，有“亚洲流行天王”之称，开启华语乐坛“R&B时代”与“流行乐中国风”的先河，周杰伦的出现打破了亚洲流行乐坛长年停滞不前的局面，为亚洲流行乐坛翻开了新的一页，是华语乐坛真正把R&B提升到主流高度的人物，引领华语乐坛革命整十年，改写了华语乐坛的流行方向。'),(5,'陈奕迅',1,0,'/img/singerPic/1784617636960singer-avatar.jpg','1974-07-27 00:00:00','中国香港','著名实力派粤语流行音乐歌手、演员，香港演艺人协会副会长之一，曾被美国《时代杂志》形容为影响香港乐坛风格的人物，同时也是继许冠杰、张学友之后第三个获得“歌神”称号的香港男歌手。同时他也是继张学友后另一个在台湾获得成功的香港歌手，在2003年他成为了第二个拿到台湾金曲奖“最佳国语男演唱人”的香港歌手。陈奕迅曾被《时代》杂志形容为影响香港乐坛风格的人物。2010年，陈奕迅入选全球华人音乐殿堂华语金曲奖“30年经典评选”，成为1990年代出道歌手唯一代表。'),(6,'G.E.M.邓紫棋',0,0,'/img/singerPic/1784617660499singer-avatar.jpg','1974-07-27 00:00:00','中国上海','成长于一个音乐世家，其母亲为上海音乐学院声乐系毕业生，外婆教唱歌，舅父拉小提琴，外公在乐团吹色士风。在家人的熏陶下，自小便热爱音乐，喜爱唱歌，与音乐结下不解之缘。G.E.M.在5岁的时候已经开始尝试作曲及填词，13岁完成了8级钢琴。G.E.M.在小学时期就读位于太子道西的中华基督教会协和小学上午校，为2003年的毕业生，同时亦为校内诗歌班成员。其英文名G.E.M.是Get Everybody Moving的缩写，象徵著她希望透过音乐让大家动起来的梦想。'),(7,'张国荣',1,0,'/img/singerPic/1784617868924singer-avatar.png','1956-09-12 00:00:00','中国香港','张国荣是一位在全球华人社会和亚洲地区具有影响力的著名歌手、演员和音乐人；大中华区乐坛和影坛巨星；演艺圈多栖发展最成功的代表之一。张国荣是香港乐坛的殿堂级歌手之一，曾获得香港乐坛最高荣誉金针奖；他是第一位享誉韩国乐坛的华人歌手，亦是华语唱片在韩国销量纪录保持者。他通晓词曲创作，曾担任过MTV导演、唱片监制、电影编剧、电影监制。他于1991年当选香港电影金像奖影帝。。。'),(8,'朴树',1,0,'/img/singerPic/1784617821293singer-avatar.jpg','1973-11-08 00:00:00','中国江苏','中国大陆歌手，音乐人。1996年10月正式成为“麦田音乐”签约歌手，为简略笔划而定艺名朴树。首支单曲《火车开往冬天》，96年底推出后成绩斐然。99年1月，推出首张个人专辑《我去两千年》。99年12月与华纳唱片正式签订唱片合约，成为其亚太区旗下的第一位内地歌手，其首张专辑《我去两千年》将由华纳重新混录和拍摄最新单曲录影带后，于2000年上半年在海外隆重上市。代表作品：《那些花儿》，《白桦林》，《生如夏花》。主要成就：中歌榜最佳新人奖，最受欢迎男歌手，年度最佳制作人奖。'),(9,'IU',0,0,'/img/singerPic/1784617674983singer-avatar.jpg','1993-05-16 00:00:00','韩国','李知恩 (IU)，1993年5月16日出生于韩国首尔特别市，韩国女歌手、演员、主持人。2008年以一首《迷儿》正式出道，历经一年的练习生生涯。2011年以一首《好日子》在韩国走红，随后于2011年末推出正规二辑《Last Fantasy》 PK记录74次，AK约90次。2013年IU发行正规三辑《MODERN TIMES》再次获得关注。2012年~2015年分别位列韩国福布斯名人榜第三、第八、第十和第十四位。2015年，发行迷你专辑《CHAT-SHIRE》'),(10,'金泰妍',0,0,'/img/singerPic/taiyan.jpg','1989-03-09 00:33:15','韩国','金泰妍(김태연/ Kim Tae-yeon/金泰耎)，艺名太妍(태연/TaeYeon)，1989年3月9日出生于韩国全罗北道全州市，韩国女歌手、主持人，女子演唱团体少女时代成员之一。2004年在第八届SM青少年选拔大赛歌王中夺得第一名，进入韩国SM娱乐有限公司开始练习生生涯。2007年8月以演唱团体少女时代成员身份正式出道。2008年为韩国KBS电视台电视剧《快刀洪吉童》演唱主题曲《如果》；同年12月凭借歌曲《听得见吗》获得第23届韩国金唱片大奖人气奖 。'),(11,'胡歌',1,0,'/img/singerPic/1784617881554singer-avatar.jpg','1982-09-02 00:00:00','中国上海','中国著名男演员、歌手，有“古装王子”的美称。2005年毕业于上海戏剧学院01级表演系本科，在电视连续剧《仙剑奇侠传》中成功塑造了豪爽深情的“李逍遥”而成名，他还为此剧唱插曲《六月的雨》《逍遥叹》等。胡歌主演过多部广为人知的影视剧，多部电视剧打破电视台收视记录。其人擅长摄影，文采飞扬，志做导演，频唱影视剧歌曲。2013年，主演的话剧《如梦之梦》和《永远的尹雪艳》登上舞台。'),(12,'王菲',0,0,'/img/singerPic/1784617705138singer-avatar.png','1969-08-08 00:00:00','中国北京','中国著名女歌手、演员。是继邓丽君后大中华地区成就最高、影响力最大的华语女歌手。以其极具辨识度的天籁空灵般嗓音，在华语歌坛创造了属于她自己的时代。她是首位登上美国《时代周刊》封面并接受CNN专访的华语歌手。她是身价最高，演唱会上座率最高，演唱会票房累计最高的华语女歌手。王菲北京出生。1987年放弃厦门大学生物系的录取跟随父母移居香港，并拜师戴思聪学习声乐，1989年签约新艺宝唱片公司并发行了第一张个人专辑，从此正式步入乐坛，曾使用艺名王靖雯。'),(13,'Celine Dion',0,0,'/img/singerPic/1784617774602singer-avatar.jpg','1968-03-30 00:00:00','加拿大','1980年，12岁的席琳·迪翁步入歌坛，15岁时推出首支法文单曲，1990年，推出首张英文专辑《UNISON》。1996年为美国亚特兰大奥运会演唱了主题曲《The Power of The Dream》。1997年为电影《泰坦尼克号》献唱片尾曲《My Heart Will Go On》，并获得第70届奥斯卡最佳电影歌曲奖。'),(14,'胡伟立',1,0,'/img/singerPic/1784617912301singer-avatar.png','1937-01-01 00:00:00','中国江苏','中国音乐家协会会员、中国电影家协会会员、中国电影音乐学会特约理事、香港作曲家作词家协会（CASH）会员、香港弦乐教师协会理事、香港艺术家联盟会员、香港电影戏剧总会会员。主要作品有《神州行组曲》、《北国风云》、《C大调中胡协奏曲》等大型合奏曲。'),(15,'Beyond',NULL,1,'/img/singerPic/1784618350078singer-avatar.jpg',NULL,'中国香港','中国香港摇滚乐队，由黄家驹、黄贯中、黄家强、叶世荣组成。'),(16,'少女时代',NULL,1,'/img/singerPic/1784617436372singer-avatar.jpg',NULL,'韩国','少女时代（Girls\' Generation）是韩国SM娱乐有限公司于2007年推出的女子流行演唱团体，由金泰妍、郑秀妍、李顺圭、黄美英、金孝渊、权俞利、崔秀英、林允儿和徐珠贤9人组成，现以5人形式进行演艺活动。'),(17,'Eminem',1,0,'/img/singerPic/1784617856649singer-avatar.jpg','1972-10-17 00:00:00','美国','埃米纳姆（Eminem）是美国的一名说唱歌手。其风格类型为：Hardcore Rap（硬核说唱）。埃米纳姆最大的突破就是证明白人也能介入到黑人一统天下的说唱（RAP）界中，而且获得巨大的成功。同时他的叛逆不仅长期以来深受美国青少年喜爱，也让他在舆论中始终遭到抨击。Eminem获得的奖杯总数窜至历史第三位，居麦当娜和皮特-加布里埃尔之后。'),(18,'Ramin Djawadi',1,0,'/img/singerPic/1784618249916singer-avatar.jpg','1974-06-05 00:00:00','德国','德籍伊朗作曲家，为电影和电视剧担任管弦配乐作曲家，因曾获得格莱美奖提名而逐渐为人所熟知。'),(20,'Ennio Morricone',1,0,'/img/singerPic/Morricone.jpg','1928-11-10 00:00:00','意大利','埃尼欧·莫里科内，意大利作曲家，生于罗马，曾为超过500部的电影电视写过配乐。2007年他获得奥斯卡终身成就奖，成为第二位获此殊荣的作曲家。他获得两次格莱美奖，两次金球奖，五次英国电影和电视艺术学院奖等多项音乐奖项。');
/*!40000 ALTER TABLE `singer` ENABLE KEYS */;
UNLOCK TABLES;

--
-- Table structure for table `singer_style`
--

DROP TABLE IF EXISTS `singer_style`;
/*!40101 SET @saved_cs_client     = @@character_set_client */;
/*!50503 SET character_set_client = utf8mb4 */;
CREATE TABLE `singer_style` (
  `id` int unsigned NOT NULL AUTO_INCREMENT,
  `name` varchar(50) NOT NULL,
  `type` tinyint NOT NULL,
  PRIMARY KEY (`id`),
  UNIQUE KEY `uk_singer_style_name` (`name`)
) ENGINE=InnoDB AUTO_INCREMENT=4 DEFAULT CHARSET=utf8mb3;
/*!40101 SET character_set_client = @saved_cs_client */;

--
-- Dumping data for table `singer_style`
--

LOCK TABLES `singer_style` WRITE;
/*!40000 ALTER TABLE `singer_style` DISABLE KEYS */;
INSERT INTO `singer_style` VALUES (1,'男歌手',1),(2,'女歌手',0),(3,'组合歌手',2);
/*!40000 ALTER TABLE `singer_style` ENABLE KEYS */;
UNLOCK TABLES;

--
-- Table structure for table `song`
--

DROP TABLE IF EXISTS `song`;
/*!40101 SET @saved_cs_client     = @@character_set_client */;
/*!50503 SET character_set_client = utf8mb4 */;
CREATE TABLE `song` (
  `id` int unsigned NOT NULL AUTO_INCREMENT,
  `singer_id` int unsigned NOT NULL,
  `name` varchar(45) NOT NULL,
  `introduction` varchar(255) DEFAULT NULL,
  `create_time` datetime NOT NULL COMMENT '发行时间',
  `update_time` datetime NOT NULL,
  `pic` varchar(255) DEFAULT NULL,
  `lyric` text,
  `url` varchar(255) NOT NULL,
  `duration` int DEFAULT '0' COMMENT '歌曲时长(秒)',
  PRIMARY KEY (`id`)
) ENGINE=InnoDB AUTO_INCREMENT=120 DEFAULT CHARSET=utf8mb3;
/*!40101 SET character_set_client = @saved_cs_client */;

--
-- Dumping data for table `song`
--

LOCK TABLES `song` WRITE;
/*!40000 ALTER TABLE `song` DISABLE KEYS */;
INSERT INTO `song` VALUES (9,4,'稻香','魔杰座','2018-12-27 08:17:12','2018-12-27 08:17:12','/img/songPic/daoxiang.jpg','[by:橘子大宝宝]\n[ti:稻香]\n[ar:周杰伦]\n[00:31.00]对这个世界如果你有太多的抱怨\n[00:34.05]跌倒了就不敢继续往前走\n[00:37.02]为什麽人要这麽的脆弱 堕落\n[00:41.55]请你打开电视看看\n[00:43.14]多少人为生命在努力勇敢的走下去\n[00:46.89]我们是不是该知足\n[00:49.43]珍惜一切 就算没有拥有\n[00:54.24]还记得你说家是唯一的城堡\n[00:57.49]随着稻香河流继续奔跑\n[01:00.42]微微笑 小时候的梦我知道\n[01:05.51]不要哭让萤火虫带着你逃跑\n[01:09.21]乡间的歌谣永远的依靠\n[01:12.12]回家吧 回到最初的美好\n[01:41.14]不要这麽容易就想放弃 就像我说的\n[01:44.59]追不到的梦想 换个梦不就得了\n[01:47.55]为自己的人生鲜艳上色 先把爱涂上喜欢的颜色\n[01:51.80]笑一个吧 功成名就不是目的\n[01:55.62]让自己快乐快乐这才叫做意义\n[01:58.51]童年的纸飞机 现在终於飞回我手里\n[02:04.41]所谓的那快乐 赤脚在田里追蜻蜓追到累了\n[02:08.62]偷摘水果被蜜蜂给叮到怕了 谁在偷笑呢\n[02:13.16]我靠着稻草人吹着风唱着歌睡着了\n[02:16.72]哦 哦 午后吉它在虫鸣中更清脆\n[02:19.58]哦 哦 阳光洒在路上就不怕心碎\n[02:22.53]珍惜一切 就算没有拥有\n[02:27.36]还记得你说家是唯一的城堡\n[02:31.24]随着稻香河流继续奔跑\n[02:34.18]微微笑 小时候的梦我知道\n[02:39.35]不要哭让萤火虫带着你逃跑\n[02:42.94]乡间的歌谣永远的依靠\n[02:45.91]回家吧 回到最初的美好\n[02:51.03]还记得你说家是唯一的城堡\n[02:54.55]随着稻香河流继续奔跑\n[02:57.62]微微笑 小时候的梦我知道\n[03:02.67]不要哭让萤火虫带着你逃跑\n[03:06.35]乡间的歌谣永远的依靠\n[03:09.23]回家吧 回到最初的美好','/song/周杰伦-稻香.mp3',223),(12,4,'夜曲','床边故事','2018-12-30 02:11:23','2018-12-30 02:11:23','/img/songPic/gaobaiqiqui.jpg','[00:23.310]一群嗜血的蚂蚁 被腐肉所吸引\n[00:27.490]我面无表情 看孤独的风景\n[00:30.540]失去你 爱恨开始分明\n[00:33.030]失去你 还有什N事好关心\n[00:35.770]当鸽子不再象徵和平\n[00:37.550]我终于被提醒\n[00:38.910]广场上喂食的是秃鹰\n[00:41.580]我用漂亮的押韵\n[00:43.030]形容被掠夺一空的爱情\n[00:46.720]啊 乌云开始遮蔽 夜色不干净\n[00:49.520]公园里 葬礼的回音 在漫天飞行\n[00:52.380]送你的 白色玫瑰\n[00:53.820]在纯黑的环境凋零\n[00:55.520]乌鸦在树枝上诡异的很安静\n[00:57.880]静静听 我黑色的大衣\n[00:59.870]想温暖你 日渐冰冷的回忆\n[01:02.220]走过的 走过的 生命\n[01:03.650]啊 四周弥漫雾气\n[01:05.070]我在空旷的墓地\n[01:06.340]老去后还爱你\n[01:07.430]为你弹奏萧邦的夜曲\n[01:11.550]纪念我死去的爱情\n[01:14.300]跟夜风一样的声音\n[01:17.030]心碎的很好听\n[01:19.830]手在键盘敲很轻\n[01:22.570]我给的思念很小心\n[01:25.300]你埋葬的地方叫幽冥\n[01:29.990]为你弹奏萧邦的夜曲\n[01:33.570]纪念我死去的爱情\n[01:36.340]而我为你隐姓埋名\n[01:39.150]在月光下弹琴\n[01:41.900]对你心跳的感应\n[01:44.670]还是如此温热亲近\n[01:47.410]怀念你那鲜红的唇印\n[01:53.270]\n[02:14.540]那些断翅的蜻蜓 散落在这森林\n[02:17.600]而我的眼睛 没有丝毫同情\n[02:20.450]失去你 泪水混浊不清\n[02:22.950]失去你 我连笑容都有阴影\n[02:25.680]风在长满青苔的屋顶\n[02:27.310]嘲笑我的伤心\n[02:29.170]像一口没有水的枯井\n[02:31.510]我用凄美的字型\n[02:33.030]描绘后悔莫及的那爱情\n[02:36.590]为你弹奏萧邦的夜曲\n[02:39.380]纪念我死去的爱情\n[02:42.100]跟夜风一样的声音\n[02:44.890]心碎的很好听\n[02:47.640]手在键盘敲很轻\n[02:50.370]我给的思念很小心\n[02:53.150]你埋葬的地方叫幽冥\n[02:57.700]为你弹奏萧邦的夜曲\n[03:01.360]纪念我死去的爱情\n[03:04.220]而我为你隐姓埋名 在月光下弹琴\n[03:09.620]对你心跳的感应 还是如此温热亲近\n[03:15.170]怀念你那鲜红的唇印\n[03:20.810]一群嗜血的蚂蚁 被腐肉所吸引\n[03:23.630]我面无表情 看孤独的风景\n[03:26.660]失去你 爱恨开始分明\n[03:29.070]失去你 还有什N事好关心\n[03:31.860]当鸽子不再象徵和平\n[03:33.560]我终于被提醒\n[03:35.320]广场上喂食的是秃鹰\n[03:37.670]我用漂亮的押韵\n[03:38.970]形容被掠夺一空的爱情','/song/周杰伦-夜曲.mp3',229),(13,4,'菊花台','依然范特西','2018-12-30 02:42:47','2018-12-30 02:42:47','/img/songPic/juhuatai.jpg','[by:立酱]\n[00:00.00] 作曲 : 周杰伦\n[00:00.200] 作词 : 方文山\n[00:00.600]编曲：钟兴民\n[00:01.600]制作人：周杰伦\n[00:02.600]吉他：蔡科俊Again\n[00:03.600]弦乐编写：钟兴民\n[00:04.600]Programmer：魏百谦\n[00:05.600]弦乐团：中国爱乐\n[00:06.600]录音工程：杨瑞代\n[00:07.600]录音室：ALFA STUDIO\n[00:08.600]混音工程：杨大纬\n[00:09.600]混音录音室：杨大纬录音工作室\n[00:10.600]弦乐录音师：李岳松(北京)/魏百谦(台北)\n[00:11.600]弦乐录音室：计划生育录音室(北京)/Room19 Studio (台北)\n[00:35.900]你的泪光\n[00:39.400]柔弱中带伤\n[00:42.850]惨白的月弯弯\n[00:46.350]勾住过往\n[00:49.860]夜 太漫长\n[00:53.360]凝结成了霜\n[00:56.720]是谁在阁楼上冰冷地绝望\n[01:03.820]雨 轻轻弹\n[01:07.370]朱红色的窗\n[01:10.780]我一生在纸上被风吹乱\n[01:17.730]梦 在远方\n[01:21.290]化成一缕香\n[01:24.690]随风飘散\n[01:27.250]你的模样\n[01:34.510]菊花残 满地伤\n[01:37.770]你的笑容已泛黄\n[01:42.190]花落人断肠\n[01:44.640]我心事静静淌\n[01:48.200]北风乱 夜未央\n[01:51.550]你的影子剪不断\n[01:56.000]徒留我孤单在湖面成双\n[02:30.900]花 已向晚\n[02:34.360]飘落了灿烂\n[02:37.810]凋谢的世道上\n[02:41.270]命运不堪\n[02:44.820]愁 莫渡江\n[02:48.440]秋心拆两半\n[02:51.640]怕你上不了岸\n[02:55.000]一辈子摇晃\n[02:58.850]谁 的江山\n[03:02.310]马蹄声狂乱\n[03:05.760]我一身的戎装\n[03:09.220]呼啸沧桑\n[03:12.720]天 微微亮\n[03:16.170]你轻声地叹\n[03:19.730]一夜惆怅 如此委婉\n[03:29.430]菊花残 满地伤\n[03:32.640]你的笑容已泛黄\n[03:37.160]花落人断肠\n[03:39.610]我心事静静淌\n[03:43.110]北风乱 夜未央\n[03:46.520]你的影子剪不断\n[03:50.970]徒留我孤单在湖面成双\n[04:00.700]菊花残 满地伤\n[04:03.950]你的笑容已泛黄\n[04:08.400]花落人断肠\n[04:10.900]我心事静静淌\n[04:14.410]北风乱 夜未央\n[04:17.910]你的影子剪不断\n[04:25.100]徒留我孤单在湖面成双','/song/周杰伦-菊花台.mp3',294),(18,4,'听妈妈的话','依然范特西','2018-12-30 03:08:45','2018-12-30 03:08:45','/img/songPic/yanhuayileng.jpg','[00:08.619]小朋友你是否有很多问号\n[00:12.049]为什么 别人在那看漫画 我却在学画画 对着钢琴说话\n[00:17.100]别人在玩游戏 我却靠在墙壁背我的ABC\n[00:20.359]我说我要一个大大的飞机 但却得到一台旧旧录音机\n[00:25.319]为什么要听妈妈的话 长大后你就会开始懂了这段话\n[00:30.278]长大后我开始明白\n[00:32.948]为什么我跑得比别人快 飞得比别人高\n[00:35.728]将来大家看的都是我画的漫画 大家唱的都是我写的歌\n[00:40.868]妈妈的辛苦不让你看见 温暖的食谱在她心里面\n[00:46.048]有空就多多握握她的手 把手牵着一起梦游\n[00:50.988]听妈妈的话 别让她受伤 想快快长大 才能保护她\n[01:10.300]美丽的白发 幸福中发芽 天使的魔法 温暖中慈祥\n[01:30.219]在你的未来 音乐是你的王牌 拿王牌谈个恋爱\n[01:36.180]唉!我不想把你教坏 还是听妈妈的话吧 晚点再恋爱吧\n[01:40.109]我知道你未来的路 但妈比我更清楚\n[01:42.997]你会开始学其他同学在书包写东写西\n[01:46.658]但我建议最好写妈妈我会用功读书\n[01:48.219]用功读书 怎么会从我嘴巴说出\n[01:50.348]不想你输 所以要叫你用功读书\n[01:52.988]妈妈织给你的毛衣 你要好好的收着\n[01:56.180]因为母亲节到时 我要告诉她我还留着\n[01:57.988]对了 我会遇到周润发\n[01:59.949]所以你可以跟同学炫耀赌神未来是你爸爸\n[02:02.798]我找不到童年写的情书 你写完不要送人\n[02:06.349]因为过两天你会在操场上捡到\n[02:08.999]你会开始喜欢上流行歌 因为张学友开始准备唱吻别\n[02:13.009]听妈妈的话 别让她受伤 想快快长大 才能保护她\n[02:32.299]美丽的白发 幸福中发芽 天使的魔法 温暖中慈祥\n[02:52.727]听妈妈的话 别让她受伤 想快快长大 才能保护她\n[03:13.699]长大后我开始明白\n[03:18.199]为什么我跑得比别人快 飞得比别人高\n[03:20.929]将来大家看的都是我画的漫画 大家唱的都是我写的歌\n[03:26.099]妈妈的辛苦不让你看见 温暖的食谱在她心里面\n[03:31.227]有空就多多握握她的手 把手牵着一起梦游\n[03:36.239]听妈妈的话 别让她受伤 想快快长大 才能保护她\n[03:54.939]美丽的白发 幸福中发芽 天使的魔法 温暖中慈祥','/song/周杰伦-听妈妈的话.mp3',263),(19,4,'七里香','七里香','2018-12-30 03:13:15','2018-12-30 03:13:15','/img/songPic/qilixiang.jpg','[00:00.00] 作曲 : 周杰伦\n[00:01.00] 作词 : 方文山\n[00:27.430]窗外的麻雀 在电线杆上多嘴\n[00:34.330]你说这一句 很有夏天的感觉\n[00:40.980]手中的铅笔 在纸上来来回回\n[00:47.300]我用几行字形容你是我的谁\n[00:54.030]秋刀鱼的滋味 猫跟你都想了解\n[01:01.100]初恋的香味就这样被我们寻回\n[01:07.400]那温暖的阳光 像刚摘的鲜艳草莓\n[01:14.140]你说你舍不得吃掉这一种感觉\n[01:20.450]雨下整夜 我的爱溢出就像雨水\n[01:27.240]院子落叶 跟我的思念厚厚一叠\n[01:33.920]几句是非 也无法将我的热情冷却\n[01:41.510]你出现在我诗的每一页\n[01:47.470]雨下整夜 我的爱溢出就像雨水\n[01:54.120]窗台蝴蝶 像诗里纷飞的美丽章节\n[02:00.840]我接着写 把永远爱你写进诗的结尾\n[02:08.350]你是我唯一想要的了解\n[02:14.660]\n[02:41.250]雨下整夜 我的爱溢出就像雨水\n[02:47.850]院子落叶 跟我的思念厚厚一叠\n[02:54.550]几句是非 也无法将我的热情冷却\n[03:02.150]你出现在我诗的每一页\n[03:07.790]\n[03:08.510]那饱满的稻穗 幸福了这个季节\n[03:15.850]而你的脸颊像田里熟透的蕃茄\n[03:21.870]你突然对我说 七里香的名字很美\n[03:28.560]我此刻却只想亲吻你倔强的嘴\n[03:35.010]雨下整夜 我的爱溢出就像雨水\n[03:41.680]院子落叶 跟我的思念厚厚一叠\n[03:48.300]几句是非 也无法将我的热情冷却\n[03:55.900]你出现在我诗的每一页\n[04:02.360]整夜 我的爱溢出就像雨水\n[04:08.520]窗台蝴蝶 像诗里纷飞的美丽章节\n[04:15.470]我接着写 把永远爱你写进诗的结尾\n[04:22.770]你是我唯一想要的了解\n[04:29.280]','/song/周杰伦-七里香.mp3',296),(22,2,'小幸运','Blossom','2018-12-30 03:31:39','2018-12-30 03:31:39','/img/songPic/Blossom.jpg','[00:00.00] 作曲 : JerryC\n[00:01.00] 作词 : 徐世珍/吴辉福\n[00:12.97]编曲 : 추대관\n[00:13.18]我听见雨滴落在青青草地\n[00:19.45]我听见远方下课钟声响起\n[00:25.38]可是我没有听见你的声音\n[00:30.36]认真 呼唤 我姓名\n[00:35.69]\n[00:37.68]爱上你的时候还不懂感情\n[00:43.87]离别了才觉得刻骨铭心\n[00:50.00]为什么没有发现遇见了你\n[00:54.60]是生命最好的事情\n[00:59.72]\n[01:00.39]也许当时忙着 微笑和哭泣\n[01:06.50]忙着追逐天空中的流星\n[01:12.30]人理所当然的忘记\n[01:16.87]是谁风里雨里一直 默默守护在原地\n[01:24.26]\n[01:24.68]原来你是我 最想留住的幸运\n[01:30.07]原来我们和爱情 曾经靠得那么近\n[01:36.10]那为我对抗世界的决定\n[01:40.79]那陪我淋的雨\n[01:43.86]一幕幕都是你 一尘不染的真心\n[01:51.20]与你相遇 好幸运\n[01:54.58]可我已失去为你 泪流满面的权利\n[02:00.75]但愿在我看不到的天际\n[02:05.38]你张开了双翼\n[02:08.53]遇见你的注定\n[02:13.27]她会有多幸运\n[02:17.64]\n[02:26.73]原来你是我 最想留住的幸运\n[02:31.54]原来我们和爱情 曾经靠得那么近\n[02:37.69]但愿在我看不到的天际\n[02:42.32]你张开了双翼\n[02:45.48]遇见你的注定\n[02:53.18]她会有多幸运\n[02:58.15]','/song/林允儿-小幸运.mp3',187),(23,2,'红豆','Blossom','2018-12-30 04:00:19','2018-12-30 04:00:19','/img/songPic/Blossom.jpg','[00:00.00] 作曲 : 柳重言\n[00:01.00] 作词 : 林夕\n[00:15.28]编曲 : 추대관\n[00:16.70]还没好好的感受 雪花绽放的气候\n[00:25.13]我们一起颤抖 会更明白 什么是温柔\n[00:33.74]还没跟你牵着手 走过荒芜的沙丘\n[00:42.21]可能从此以后 学会珍惜 天长和地久\n[00:50.95]有时候 有时候 我会相信一切有尽头\n[00:59.40]相聚离开 都有时候 没有什么会永垂不朽\n[01:07.97]可是我 有时候 宁愿选择留恋不放手\n[01:16.55]等到风景都看透\n[01:20.78]也许你会陪我看 细水长流\n[01:42.38]还没为你把红豆 熬成缠绵的伤口\n[01:50.94]然后一起分享 会更明白 相思的哀愁\n[01:59.46]还没好好的感受 醒着亲吻的温柔\n[02:08.02]可能在我左右 你才追求 孤独的自由\n[02:18.78]有时候 有时候 我会相信一切有尽头\n[02:27.29]相聚离开 都有时候 没有什么会永垂不朽\n[02:35.87]可是我 有时候 宁愿选择留恋不放手\n[02:44.47]等到风景都看透\n[02:48.65]也许你会陪我看 细水长流\n[03:08.22]有时候 有时候 我会相信一切有尽头\n[03:16.52]相聚离开 都有时候 没有什么会永垂不朽\n[03:25.15]可是我 有时候 宁愿选择留恋不放手\n[03:33.73]等到风景都看透\n[03:38.01]也许你会陪我看 细水长流\n[03:46.33]','/song/林允儿-红豆.mp3',249),(24,5,'红玫瑰','The 1st Eleven Years 然后呢?','2018-12-30 04:21:48','2018-12-30 04:21:48','/img/songPic/hongmeigui.jpg','[ar:陈奕迅]\n[00:00.00] 作曲 : 梁翘柏\n[00:01.00] 作词 : 李焯雄\n[00:16.32]梦里梦到醒不来的梦\n[00:18.92]红线里被软禁的红\n[00:23.62]所有刺激剩下疲乏的痛\n[00:26.82]再无动于衷\n[00:30.12]从背后抱你的时候\n[00:34.02]期待的却是她的面容\n[00:37.75]说来实在嘲讽我不太懂\n[00:41.35]偏渴望你懂\n[00:44.75]是否幸福轻得太沉重\n[00:48.50]过度使用不痒不痛\n[00:52.31]烂熟透红空洞了的瞳孔\n[00:56.56]终于掏空终于有始无终\n[00:59.81]得不到的永远在骚动\n[01:03.41]被偏爱的都有恃无恐\n[01:07.11]玫瑰的红容易受伤的梦\n[01:11.46]握在手中却流失于指缝\n[01:14.96]又落空\n[01:31.02]红是朱砂痣烙印心口\n[01:33.82]红是蚊子血般平庸\n[01:38.73]时间美化那仅有的悸动\n[01:41.82]也磨平激动\n[01:45.12]从背后抱你的时候\n[01:48.98]期待的却是她的面容\n[01:52.82]说来实在嘲讽\n[01:55.15]我不太懂偏渴望你懂\n[01:59.85]是否幸福轻得太沉重\n[02:03.60]过度使用不痒不痛\n[02:07.10]烂熟透红空洞了的瞳孔\n[02:11.45]终于掏空终于有始无终\n[02:14.70]得不到的永远在骚动\n[02:18.50]被偏爱的都有恃无恐\n[02:22.35]玫瑰的红容易受伤的梦\n[02:26.35]握在手中却流失于指缝\n[02:29.75]又落空\n[02:44.99]是否说爱都太过沉重\n[02:48.54]过度使用不痒不痛\n[02:52.24]烧得火红蛇行缠绕心中\n[02:56.34]终于冷冻终于有始无终\n[02:59.74]得不到的永远在骚动\n[03:03.49]被偏爱的都有恃无恐\n[03:07.24]玫瑰的红容易受伤的梦\n[03:11.39]握在手中却流失于指缝\n[03:14.84]得不到的永远在骚动\n[03:18.49]被偏爱的都有恃无恐\n[03:22.34]玫瑰的红伤口绽放的梦\n[03:26.44]握在手中却流失于指缝\n[03:29.79]再落空','/song/陈奕迅-红玫瑰.mp3',242),(25,5,'因为爱情','Stranger Under My Skin','2018-12-30 08:22:41','2018-12-30 08:22:41','/img/songPic/yinweiaiqing.jpg','[00:00.00] 作曲 : 小柯\n[00:01.00] 作词 : 小柯\n[00:11.739]给你一张过去的CD\n[00:16.299]听听那时我们的爱情\n[00:21.340]有时会突然忘了我还在爱着你\n[00:30.990]\n[00:33.390]再唱不出那样的歌曲\n[00:37.690]听到都会红着脸躲避\n[00:43.140]虽然会经常忘了我依然爱着你\n[00:52.110]\n[00:53.790]因为爱情 不会轻易悲伤\n[00:59.540]所以一切都是幸福的模样\n[01:05.129]因为爱情 简单的生长\n[01:10.730]依然随时可以为你疯狂\n[01:15.200]\n[01:16.000]因为爱情 怎么会有沧桑\n[01:21.350]所以我们还是年轻的模样\n[01:26.890]因为爱情 在那个地方\n[01:32.530]依然还有人在那里游荡人来人往\n[01:42.128]\n[02:00.730]再唱不出那样的歌曲\n[02:05.300]听到都会红着脸躲避\n[02:10.509]虽然会经常忘了我依然爱着你\n[02:20.510]\n[02:20.779]因为爱情 不会轻易悲伤\n[02:26.820]所以一切都是幸福的模样\n[02:32.399]因为爱情 简单的生长\n[02:38.100]依然随时可以为你疯狂\n[02:42.140]\n[02:42.589]因为爱情 怎么会有沧桑\n[02:48.499]所以我们还是年轻的模样\n[02:54.700]因为爱情 在那个地方\n[02:59.909]依然还有人在那里游荡人来人往\n[03:09.279]\n[03:11.629]给你一张过去的CD\n[03:16.279]听听那时我们的爱情\n[03:21.640]有时会突然忘了我还在爱着你','/song/陈奕迅 + 王菲-因为爱情.mp3',217),(26,5,'不要说话','不想放手','2018-12-30 08:30:03','2018-12-30 08:30:03','/img/songPic/buyaoshuohua.jpg','[ti:不要说话]\n[ar:陈奕迅]\n[al:博儿Lrc试练]\n[by:博儿]\n[00:00.00] 作曲 : 小柯\n[00:01.00] 作词 : 小柯\n[00:18.77]深色的海面布满白色的月光\n[00:24.51]\n[00:25.11]我出神望着海 心不知飞哪去\n[00:31.64]听到她在告诉你\n[00:35.28]说她真的喜欢你\n[00:39.48]我不知该 躲哪里\n[00:47.17]爱一个人是不是应该有默契\n[00:54.15]我以为你懂得每当我看着你\n[01:00.07]我藏起来的秘密\n[01:03.67]在每一天清晨里\n[01:07.60]暖成咖啡 安静的拿给你\n[01:14.33]愿意 用一支黑色的铅笔\n[01:18.81]画一出沉默舞台剧\n[01:22.95]灯光再亮 也抱住你\n[01:28.53]愿意 在角落唱沙哑的歌\n[01:33.06]再大声也都是给你\n[01:37.24]请用心听 不要说话\n[01:51.54]爱一个人是不是应该要默契\n[01:58.36]我以为你懂得每当我看着你\n[02:04.34]我藏起来的秘密\n[02:08.22]在每一天清晨里\n[02:11.47]暖成咖啡 安静的拿给你\n[02:18.49]愿意 用一支黑色的铅笔\n[02:22.92]画一出沉默舞台剧\n[02:27.31]灯光再亮 也抱住你\n[02:33.04]愿意 在角落唱沙哑的歌\n[02:37.33]再大声也都是给你\n[02:41.46]请用心听 不要说话\n[03:15.81]愿意 用一支黑色的铅笔\n[03:19.95]画一出沉默舞台剧\n[03:24.43]灯光再亮 也抱住你\n[03:29.82]愿意 在角落唱沙哑的歌\n[03:34.19]再大声也都是给你\n[03:38.48]请原谅我 不会说话\n[03:44.11]愿意 用一支黑色的铅笔\n[03:48.55]画一出沉默舞台剧\n[03:52.68]灯光再亮 也抱住你\n[03:58.35]愿意 在角落唱沙哑的歌\n[04:02.84]再大声也都是给你\n[04:06.97]爱是用心吗 不要说话','/song/陈奕迅-不要说话.mp3',285),(27,6,'泡沫','Xposed','2018-12-30 08:42:26','2018-12-30 08:42:26','/img/songPic/paomo.jpg','[00:00.00] 作曲 : G.E.M.\n[00:00.169] 作词 : G.E.M.\n[00:00.509]阳光下的泡沫 是彩色的 就像被骗的我 是幸福的\n[00:14.940]追究什么对错 你的谎言 基于你还爱我\n[00:27.819]美丽的泡沫 虽然一刹花火 你所有承诺 虽然都太脆弱\n[00:41.780]但爱像泡沫 如果能够看破 有什么难过\n[00:53.750]\n[00:57.230]早该知道泡沫 一触就破 就像已伤的心 不胜折磨\n[01:11.040]也不是谁的错 谎言再多 基于你还爱我\n[01:24.200]美丽的泡沫 虽然一刹花火 你所有承诺 虽然都太脆弱\n[01:38.800]爱本是泡沫 如果能够看破 有什么难过\n[01:50.560]\n[01:52.629]再美的花朵 盛开过就凋落 再亮眼的星 一闪过就坠落\n[02:06.650]爱本是泡沫 如果能够看破 有什么难过\n[02:20.889]为什么难过 有什么难过 为什么难过\n[02:41.650]\n[02:45.799]全都是泡沫 只一刹的花火 你所有承诺 全部都太脆弱\n[02:59.560]而你的轮廓 怪我没有看破 才如此难过\n[03:13.769]相爱的把握 要如何再搜索 相拥着寂寞 难道就不寂寞\n[03:28.820]爱本是泡沫 怪我没有看破 才如此难过\n[03:39.980]\n[03:43.829]在雨下的泡沫 一触就破 当初炽热的心 早已沉没\n[03:57.940]说什么你爱我 如果骗我 我宁愿你沉默\n[04:10.000]\n[04:10.209]\n[59:59.700]','/song/G.E.M.邓紫棋-泡沫.mp3',259),(28,6,'龙卷风','龙卷风','2018-12-30 08:48:44','2018-12-30 08:48:44','/img/songPic/longjuanfeng.jpg','[00:00.00] 作曲 : 周杰伦\n[00:01.00] 作词 : 徐若瑄/周杰伦\n[00:20.05]爱像一阵风吹完它就走\n[00:26.54]这样的节奏谁都无可奈何\n[00:33.34]没有你以后我灵魂失控\n[00:39.81]黑云在降落我被它拖着走\n[00:46.30]静静悄悄默默离开\n[00:49.57]陷入了危险边缘Baby\n[00:53.74]我的世界已狂风暴雨\n[01:00.37]爱情来的太快就像龙卷风\n[01:03.29]离不开暴风圈来不及逃\n[01:06.32]我不能再想我不能再想\n[01:09.89]我不我不我不能\n[01:13.35]爱情走的太快就像龙卷风\n[01:16.58]不能承受我已无处可躲\n[01:19.51]我不要再想我不要再想\n[01:23.13]我不我不我不要再想你\n[01:26.97]不知不觉你已经离开我\n[01:30.00]不知不觉我跟了这节奏\n[01:33.31]后知后觉又过了一个秋\n[01:36.90]后知后觉我该好好生活\n[01:39.87]静静悄悄默默离开\n[01:42.86]陷入了危险边缘Baby\n[01:47.24]我的世界已狂风暴雨\n[01:53.64]爱情来的太快就像龙卷风\n[01:56.92]离不开暴风圈来不及逃\n[01:59.55]我不能再想我不能再想\n[02:02.83]我不我不我不能\n[02:06.61]爱情走的太快就像龙卷风\n[02:09.93]不能承受我已无处可躲\n[02:12.85]我不要再想我不要再想\n[02:16.19]我不我不我不要再想你\n[02:32.89]现在你要我说多难堪\n[02:35.43]我根本就不想分开\n[02:37.13]为什么还要我用用微笑来带过\n[02:40.56]没有我没有没有这种天分\n[02:43.31]包容你也接受他\n[02:44.64]但不用担心太多\n[02:45.90]我会一直好好过\n[02:47.25]我看着你已经远远离开\n[02:49.90]我也会慢慢的走开\n[02:51.50]为什么我连分开都迁就着你\n[02:54.01]我真的没有天分安静的没那么快\n[02:56.49]and i will learn to give up because\n[02:58.93]我爱你\n[03:00.27]爱情来的太快就像龙卷风\n[03:03.30]离不开暴风圈来不及逃\n[03:06.26]我不能再想我不能再想\n[03:09.59]我不我不我不能\n[03:13.61]爱情走的太快就像龙卷风\n[03:16.58]不能承受我已无处可躲\n[03:19.53]我不要再想我不要再想\n[03:22.82]我不我不我不要再想你\n[03:27.16]不知不觉你已经离开我\n[03:29.99]不知不觉我跟了这节奏\n[03:33.25]后知后觉又过了一个秋\n[03:36.62]后知后觉我该好好生活\n[03:41.62]你已经离开我\n[03:44.82]你已经留下我\n[03:47.91]我应该好好地生活\n[03:53.73]不知不觉你已经离开我\n[03:56.67]不知不觉我跟了这节奏\n[03:59.96]后知后觉又过了一个秋\n[04:03.31]后知后觉后知后觉','/song/G.E.M.邓紫棋-龙卷风.mp3',249),(29,6,'夜空中最亮的星','龙卷风','2018-12-30 08:53:52','2018-12-30 08:53:52','/img/songPic/yekongzhongzuiliangdexing.jpg','[00:00.00] 作曲 : 逃跑计划\n[00:01.00] 作词 : 逃跑计划\n[00:07.87]编曲 : Lupo Groinig\n[00:08.87]夜空中最亮的星 能否听清\n[00:17.23]那仰望的人 心底的孤独和叹息\n[00:26.09]夜空中最亮的星 能否记起\n[00:34.58]曾与我同行 消失在风里的身影\n[00:42.35]我祈祷拥有一颗透明的心灵\n[00:47.41]和会流泪的眼睛\n[00:52.91]给我再去相信的勇气\n[00:56.23]越过谎言去拥抱你\n[01:00.01]每当我找不到存在的意义\n[01:04.69]每当我迷失在黑夜里\n[01:10.36]夜空中最亮的星\n[01:13.71]请照亮我前行\n[01:22.91]夜空中最亮的星 是否知道\n[01:31.30]曾与我同行的身影 如今在哪里\n[01:40.43]夜空中最亮的星 是否在意\n[01:48.71]是太阳先升起 还是意外先来临\n[01:56.55]我祈祷拥有一颗透明的心灵\n[02:01.62]和会流泪的眼睛\n[02:07.07]给我再去相信的勇气\n[02:10.31]越过谎言去拥抱你\n[02:14.25]每当我找不到存在的意义\n[02:18.89]每当我迷失在黑夜里\n[02:24.53]夜空中最亮的星\n[02:27.91]请照亮我前行\n[02:33.63]夜空中最亮的星  请照亮我前行\n[02:41.98]夜空中最亮的星  请照亮我前行\n[02:50.76]夜空中最亮的星  请照亮我前行\n[02:59.46]夜空中最亮的星  请照亮我前行\n[03:11.62]我不愿忘记你的眼睛\n[03:16.81]给我再去相信的勇气\n[03:22.00]去拥抱你\n[03:25.74]我找不到存在的意义\n[03:28.90]我迷失在黑夜里\n[03:34.47]夜空中最亮的星 请照亮我前行','/song/G.E.M.邓紫棋-夜空中最亮的星.mp3',232),(36,20,'Once Upon a Time in the West','Once Upon a Time in the West','2019-03-19 15:57:07','2019-03-19 15:57:07','/img/songPic/OnceUponaTimeintheWest.jpg','[00:00:00]纯音乐','/song/Ennio Morricone-Once Upon a Time in the West.mp3',222),(37,20,'Titoli','Per un Pugno di Dollari','2019-03-19 15:50:47','2019-03-19 15:50:47','/img/songPic/Titoli.jpg','[00:00:00]纯音乐','/song/Ennio Morricone-Titoli.mp3',178),(41,17,'Love The Way You Lie','Life After Recovery','2019-03-19 15:30:21','2019-03-19 15:30:21','/img/songPic/LoveTheWayYouLie.jpg','[00:00.000] 作曲 : Marshall Mathers/Alexander Grant/Holly Hafermann\n[00:00.100] 作词 : Marshall Mathers/Alexander Grant/Holly Hafermann\n[00:00.300]Just gonna stand there and watch me burn\n[00:05.350]But that\'s alright because I like the way it hurts\n[00:11.230]Just gonna stand there and hear me cry\n[00:16.260]But that\'s alright because I love the way you lie, I love the way you lie\n[00:25.130]I can\'t tell you what it really is\n[00:26.890]I can only tell you what it feels like\n[00:28.930]And right now there\'s a steel knife in my windpipe\n[00:31.550]I can\'t breathe but I still fight while I can fight\n[00:34.440]As long as the wrong feels right it\'s like I\'m in flight\n[00:37.440]High off the love, drunk from my hate,\n[00:39.220]It\'s like I\'m huffing paint and I love her the more i suffer, I suffocate\n[00:42.770]And right before I\'m about to drown, she resuscitates me\n[00:46.000]She ****ing hates me and I love it.\n[00:47.850]Wait! Where you going? I\'m leaving you\n[00:50.260]No you ain\'t. Come back we\'re running right back.\n[00:52.850]Here we go again\n[00:53.790]It\'s so insane cus when its going good its going great.\n[00:56.530]I\'m superman with the wind at his back\n[00:58.490]Shes Louis Lane but when its bad its awful, I feel so ashamed I snap\n[01:02.640]Whos that dude? I don\'t even know his name\n[01:04.800]I laid hands on him, I\'ll never stoop so low again\n[01:07.500]I guess I don\'t know my own strength\n[01:09.490]Just gonna stand there and watch me burn\n[01:14.200]But that\'s alright because I like the way it hurts\n[01:20.500]Just gonna stand there and hear me cry\n[01:25.290]But that\'s alright because I love the way you lie, I love the way you lie\n[01:42.800]You ever love somebody so much you can barely breathe\n[01:45.320]When you\'re with \'em\n[01:46.050]You meet and neither one of you even know what hit \'em\n[01:48.540]Got that warm fuzzy feeling\n[01:50.090]Yeah, them those chills you used to get \'em\n[01:51.360]Now you\'re getting ****ing sick of looking at him\n[01:53.730]You swore you\'d never hit him; never do nothing to hurt him\n[01:56.370]Now you\'re in each other\'s face spewing venom in your words when you spit them\n[02:00.000]You push pull each other\'s hair, scratch claw hit him\n[02:02.440]Throw him down pin him\n[02:03.370]So lost in the moments when you\'re in them\n[02:05.260]It\'s a race that\'s the culprit controls your boat\n[02:07.580]So they say you\'re best to go your separate ways\n[02:09.730]Guess if they don\'t know you cus today that was yesterday\n[02:12.320]Yesterday is over it\'s a different day\n[02:14.430]Sound like broken records playing over but you promised her\n[02:17.180]Next time you show restraint\n[02:18.740]You don\'t get another chance\n[02:19.920]Life is no Nintendo game\n[02:21.450]But you lied again\n[02:22.430]Now you get to watch her leave out the window\n[02:24.500]I guess that\'s why they call it window pain\n[02:26.650]Just gonna stand there and watch me burn\n[02:31.440]But that\'s alright because I like the way it hurts\n[02:37.690]Just gonna stand there and hear me cry\n[02:42.520]But that\'s alright because I love the way you lie, I love the way you lie\n[03:00.130]Now I know he said things hit things that we didn\'t mean\n[03:03.150]And we fall back into the same patterns same routine\n[03:06.420]But your temper\'s just as bad as mine is\n[03:07.940]You\'re the same as me\n[03:09.000]But when it comes to love you\'re just as blinded\n[03:11.020]Baby, please come back\n[03:12.270]It wasn\'t you, baby it was me\n[03:14.110]Maybe our relationship wasn\'t as crazy as it seemed\n[03:16.820]Maybe that\'s what happens when a tornado meets a volcano\n[03:19.910]All I know is I love you too much to walk away though\n[03:22.910]Come inside, pick up your bags off the sidewalk\n[03:25.500]Don\'t you hear sincerity in my voice when I talk\n[03:28.180]I told you this is my fault\n[03:29.470]Look me in the eye ball\n[03:30.880]Next time I\'m pissed, I lay my fist at the drywall\n[03:33.780]Next time. There won\'t be no next time\n[03:35.850]I apologize even though I know its lies\n[03:38.580]I\'m tired of the games I just want her back\n[03:40.710]I know I\'m a liar\n[03:41.830]If she ever tries to ****ing leave again\n[03:43.780]Im\'a tie her to the bed and set this house on fire\n[03:46.510]Just gonna stand there and watch me burn\n[03:51.600]But that\'s alright because I like the way it hurts\n[03:57.520]Just gonna stand there and hear me cry\n[04:02.690]But that\'s alright because I love the way you lie, I love the way you lie\n[04:13.670]I love the way you lie','/song/Eminem-Love The Way You Lie.mp3',264),(44,20,'Il Buono Il Cattivo Il Brutto','The Good, the Bad and the Ugly','2019-03-19 16:04:25','2019-03-19 16:04:25','/img/songPic/IlBuonoIlCattivoIlBrutto.jpg','[00:00:00]纯音乐','/song/Ennio Morricone-Il Buono, Il Cattivo, Il Brutto.mp3',162),(61,9,'Twenty-three (二十三)','CHAT-SHIRE','2019-06-02 19:37:44','2019-06-02 19:37:44','/img/songPic/3285340745228795.jpg','[00:00.13]IU - 二十三\n[00:00.67]词：아이유\n[00:00.78]曲：이종훈/이채규/아이유\n[00:00.89]I\'m twenty three\n[00:01.86]난 수수께끼\n[00:05.63]뭐게요 맞혀봐요\n[00:41.27]I\'m twenty three\n[00:42.05]난 수수께끼 Question\n[00:45.10]뭐게요 맞혀봐요\n[00:48.98]I\'m twenty three\n[00:49.95]틀리지 말기 Because\n[00:52.79]난 몹시 예민해요\n[00:55.00]맞혀봐\n[00:55.63]한 떨기 스물셋 좀\n[00:57.74]아가씨 태가 나네\n[00:59.60]다 큰 척해도 적당히 믿어줘요\n[01:03.57]얄미운 스물셋\n[01:05.51]아직 한참 멀었다 얘\n[01:07.46]덜 자란 척해도\n[01:08.95]대충 속아줘요\n[01:11.02]난 그래 확실히 지금이 좋아요\n[01:15.14]아냐 아냐 사실은 때려 치고 싶어요\n[01:18.70]아 알겠어요 나는 사랑이 하고 싶어\n[01:22.66]아니 돈이나 많이 벌래\n[01:25.05]맞혀봐\n[01:25.65]어느 쪽이게\n[01:27.06]얼굴만 보면 몰라\n[01:28.87]속마음과 다른 표정을 짓는 일\n[01:32.02]아주 간단하거든\n[01:33.54]어느 쪽이게\n[01:34.77]사실은 나도 몰라\n[01:36.67]애초에 나는 단 한 줄의\n[01:39.28]거짓말도 쓴 적이 없거든\n[01:41.90]여우인 척 하는 곰인 척\n[01:45.17]하는 여우 아니면\n[01:46.86]아예 다른 거\n[01:49.02]어느 쪽이게\n[01:50.65]뭐든 한 쪽을 골라\n[01:52.39]색안경 안에 비춰지는 거 뭐\n[01:55.53]이제 익숙하거든\n[01:59.23]Check it out\n[02:00.14]겁나는 게 없어요\n[02:02.07]엉망으로 굴어도\n[02:03.97]사람들은 내게 매일 친절해요\n[02:07.88]인사하는 저 여자\n[02:09.87]모퉁이를 돌고도 아직 웃고 있을까\n[02:13.87]늘 불안해요\n[02:15.39]난 영원히 아이로 남고 싶어요\n[02:19.58]아니 아니 물기 있는 여자가 될래요\n[02:22.98]아 정했어요 난 죽은 듯이 살래요\n[02:26.99]아냐 다 뒤집어 볼래\n[02:29.60]맞혀봐\n[02:30.08]어느 쪽이게\n[02:31.29]얼굴만 보면 몰라\n[02:33.28]속마음과 다른 표정을 짓는 일\n[02:36.40]아주 간단하거든\n[02:38.48]어느 쪽이게\n[02:39.12]사실은 나도 몰라\n[02:41.10]애초에 나는 단 한 줄의\n[02:43.66]거짓말도 쓴 적이 없거든\n[02:46.11]여우인 척 여우인 척\n[02:47.86]하는 곰인 척 곰인 척\n[02:50.13]여우 아니면 여우 아니면\n[02:51.78]아예 다른 거\n[02:53.66]어느 쪽이게\n[02:54.74]뭐든 한 쪽을 골라\n[02:56.70]색안경 안에 비춰지는\n[02:59.19]거 뭐 이제 익숙하거든\n[03:02.36]난 당신 맘에 들고 싶어요\n[03:05.75]아주 살짝만 얄밉게 해도 돼요\n[03:09.96]난 당신 맘에 들고 싶어요\n[03:13.14]자기 머리 꼭대기 위에서 놀아도 돼요\n[03:16.31]맞혀봐\n[03:16.68]어느 쪽이게\n[03:18.03]얼굴만 보면 몰라\n[03:20.09]속마음과 다른 표정을 짓는 일\n[03:23.20]아주 간단하거든\n[03:25.34]어느 쪽이게\n[03:26.11]사실은 나도 몰라\n[03:27.90]애초에 나는 단 한 줄의\n[03:30.49]거짓말도 쓴 적이 없거든\n[03:32.92]여우인 척 여우인 척\n[03:34.77]하는 곰인 척 곰인 척\n[03:36.81]여우 아니면 여우 아니면\n[03:38.56]아예 다른 거\n[03:40.68]어느 쪽이게\n[03:41.43]뭐든 한 쪽을 골라\n[03:43.53]색안경 안에 비춰지는 거\n[03:46.35]뭐 이제 익숙하거든\n 推荐相关视频\n\n\n\n 歌手其他歌曲\n#	歌名	\n1	삐삐	\n2	잼잼(Jam Jam)	\n3	Marry You (Live)	\n4	喜帖街 (Live)	\n5	小幸运 (Live)	\n 最近30天\n点击: 10','/song/IU-Twenty-three (二十三).mp3',193),(62,9,'Someday','CHAT-드림하이 OST - (Dream High)','2019-06-02 19:38:54','2019-06-02 19:38:54','/img/songPic/778454232471313.jpg','[00:00.02]Someday (《Dream High》韩剧插曲) - 아이유 (IU)\n[00:01.07]词：박진영\n[00:01.18]曲：박진영\n[00:01.29]编曲：홍지상/박진영/심은지\n[00:03.88]언젠간 이 눈물이 멈추길\n[00:08.73]언젠간 이 어둠이 걷히고\n[00:14.08]따스한 햇살이\n[00:16.45]이 눈물을 말려주길\n[00:22.25]지친 내 모습이\n[00:26.77]조금씩 지겨워지는 걸 느끼면\n[00:33.53]다 버리고 싶죠\n[00:36.02]힘들게 지켜오던 꿈을\n[00:41.37]가진 것보다는 부족한 것이\n[00:47.81]너무나도 많은 게\n[00:52.68]느껴질 때마다 다리에\n[00:56.19]힘이 풀려서 나 주저앉죠\n[01:01.54]언젠간 이 눈물이 멈추길\n[01:06.36]언젠간 이 어둠이 걷히고\n[01:11.63]따스한 햇살이\n[01:14.12]이 눈물을 말려주길\n[01:19.86]괜찮을 거라고 내 스스로를\n[01:26.57]위로하며 버티는\n[01:31.16]하루하루가 날 조금씩\n[01:34.40]두렵게 만들고\n[01:38.99]나를 믿으라고 말하면서도\n[01:45.57]믿지 못하는 나는\n[01:50.13]이제 얼마나 더\n[01:53.11]오래 버틸 수 있을 지\n[01:55.32]모르겠어요\n[01:59.06]기다리면 언젠간 오겠지\n[02:04.31]밤이 길어도 해는 뜨듯이\n[02:08.92]아픈 내 가슴도\n[02:11.69]언젠간 다 낫겠지\n[02:17.41]날 이젠 도와주길\n[02:21.89]하늘이 제발 도와주길\n[02:26.67]나 혼자서만 이겨내기가\n[02:31.51]점점 더 자신이 없어져요\n[02:39.96]언젠간 이 눈물이 멈추길\n[02:44.76]언젠간 이 어둠이 걷히고\n[02:50.01]따스한 햇살이\n[02:52.54]이 눈물을 말려주길\n[02:55.45]이 눈물을 말려주길\n[02:59.35]기다리면 언젠가 오겠지\n[03:04.18]밤이 길어도 해는 뜨듯이\n[03:08.64]이 아픈 내 가슴도\n[03:11.63]언젠간 다 낫겠지\n[03:19.09]언젠간\n[03:21.30]언젠간','/song/IU-Someday.mp3',218),(63,10,'제주도의 푸른 밤','밴드 고맙삼다','2019-06-01 20:11:23','2026-07-21 15:28:52','/img/songPic/1413971959305351.jpg','[00:00.00]제주도의 푸른밤 - 野菊花\n[00:37.32]   \n[00:37.32]떠나요 둘이서\n[00:41.93]离开吧 两人\n[00:41.93]모든 걸 훌훌 버리고\n[00:46.11]所有的都翩翩飞走了\n[00:46.11]제주도 푸른 밤 그 별아래\n[00:55.39]济州岛湛蓝的星空下\n[00:55.39]이제는 더 이상\n[00:59.85]现在再也不会\n[00:59.85]얽매이긴 우리 싫어요\n[01:04.39]讨厌这样纠缠的我们\n[01:04.39]신문에 TV에 월급 봉투에\n[01:14.48]在报纸上电视上的工资信封\n[01:14.48]아파트 담벼락보다는\n[01:18.43]比起公寓的墙壁\n[01:18.43]바달볼 수 있는 창문이 좋아요\n[01:23.29]更喜欢能看到大海的窗户\n[01:23.29]낑깡밭 일구고\n[01:25.68]既有坚硬的地板\n[01:25.68]감귤도 우리 둘이 가꿔봐요\n[01:34.25]也能相互交换柑橘\n[01:34.25]정말로 그대가 외롭다고 느껴진다면\n[01:43.25]如果你真的感到孤单的话\n[01:43.25]떠나요 제주도 푸른 밤 하늘 아래로\n[03:05.90]那就离开吧 去济州岛湛蓝的天空下\n[03:05.90]떠나요 둘이서\n[03:10.18]离开吧 我们两人\n[03:10.18]힘들게 별로 없어요\n[03:14.72]没有什么累的\n[03:14.72]제주도 푸른 밤 그 별아래\n[03:23.79]济州岛湛蓝的天空下\n[03:23.79]그 동안 우리는\n[03:28.29]那段时光的我们\n[03:28.29]오랫동안 지쳤잖아요\n[03:32.90]不是累了很久吗\n[03:32.90]술집에 카페에 많은 사람에\n[03:43.09]在酒吧咖啡里的人们\n[03:43.09]도시의 침묵보다는\n[03:46.97]比起沉默的都市\n[03:46.97]바다의 속삭임이 좋아요\n[03:51.75]更喜欢大海的窃窃私语\n[03:51.75]신혼부부 밀려와\n[03:54.36]新婚夫妇摩肩接踵\n[03:54.36]똑같은 사진 찍기 구경하며\n[04:02.75]赏这一样的风景拍一样的照片\n[04:02.75]정말로 그대가 재미없다 느껴진다면\n[04:11.75]如果你真的感觉无趣的话\n[04:11.75]떠나요 제주도 푸른매가 살고 있는 곳\n[04:36.70]离开吧 向着济州岛湛蓝的天空下\n[04:36.70]최성원이 살고 있는 곳\n[04:41.07]崔程远住的地方','/song/金泰妍-제주도의 푸른 밤.mp3',203),(64,7,'当爱已成往事','当爱已成往事','2019-06-02 19:40:56','2019-06-02 19:40:56','/img/songPic/103354093011859.jpg','[00:00.00]张国荣 - 当爱已成往事\n[00:01.38]作词：李宗盛\n[00:02.29]作曲：李宗盛\n[00:45.45]往事不要再提\n[00:49.45]人生已多风雨\n[00:53.80]纵然记忆抹不去\n[00:55.57]爱与恨都还在心里\n[01:00.61]真的要断了过去\n[01:04.35]让明天好好继续\n[01:08.77]你就不要再\n[01:10.04]苦苦追问我的消息\n[01:15.59]爱情它是个难题\n[01:19.49]让人目眩神迷\n[01:23.79]忘了痛或许可以\n[01:25.61]忘了你却太不容易\n[01:30.69]你不曾真的离去\n[01:34.44]你始终在我心里\n[01:38.67]我对你仍有爱意\n[01:40.49]我对自己无能为力\n[01:45.37]因为我仍有梦\n[01:49.11]依然将你放在我心中\n[01:53.43]总是容易被往事打动\n[01:57.02]总是为了你心痛\n[02:00.51]别流恋岁月中\n[02:04.06]我无意的柔情万种\n[02:08.29]不要问我是否再相逢\n[02:12.08]不要管我是否言不由衷\n[02:15.33]为何你不懂\n[02:19.48]只要有爱就有痛\n[02:23.78]有一天你会知道\n[02:26.85]人生没有我并不会不同\n[02:30.70]人生已经太匆匆\n[02:34.41]我好害怕总是泪眼朦胧\n[02:38.82]忘了我就没有痛\n[02:40.98]将往事留在风中\n[03:15.71]因为我仍有梦\n[03:19.16]依然将你放在我心中\n[03:23.52]总是容易被往事打动\n[03:27.07]总是为了你心痛\n[03:30.51]别流恋岁月中\n[03:34.20]我无意的柔情万种\n[03:38.41]不要问我是否再相逢\n[03:42.18]不要管我是否言不由衷\n[03:45.46]为何你不懂\n[03:49.71]只要有爱就有痛\n[03:53.96]有一天你会知道\n[03:57.05]人生没有我并不会不同\n[04:00.80]人生已经太匆匆\n[04:04.54]我好害怕总是泪眼朦胧\n[04:08.94]忘了我就没有痛\n[04:11.18]将往事留在风中\n[04:15.53]为何你不懂\n[04:19.57]只要有爱就有痛\n[04:23.98]有一天你会知道\n[04:27.12]人生没有我并不会不同\n[04:30.91]人生已经太匆匆\n[04:34.48]我好害怕总是泪眼朦胧\n[04:38.93]忘了我就没有痛\n[04:44.13]将往事留在风中','/song/张国荣-当爱已成往事.mp3',302),(65,7,'想你','想你','2019-06-02 19:42:02','2019-06-02 19:42:02','/img/songPic/78065325577772.jpg','[00:01.06]想你 - 张国荣\n[00:02.93]词：小美\n[00:04.24]曲：张国荣\n[00:27.77]呆坐半晚 咖啡早渗着冰冷\n[00:34.28]是否心已淡是挂念你的冷淡\n[00:40.97]难合上眼 枕边早垫着冰冷\n[00:48.05]夜深不觉冷但似躺在泥滩\n[00:55.07]长夜冷冷 晚风想冷漠驱散\n[01:01.53]但千种慨叹在脑内快速泛滥\n[01:08.42]垂下了眼 压抑想淌泪的眼\n[01:15.33]但沙吹进眼令我极甚为难\n[01:22.16]无助无望无奈曾立心想放弃\n[01:29.22]自制自我在每日怨天怨地\n[01:36.06]情话情意情路情尽都经过也是因你\n[01:42.89]留下我在昨日过活但如死\n[01:49.07]痴心像马戏 似小丑眼内希冀\n[01:56.45]为想得到你愿竭力以心献技\n[02:02.81]想你但怨你 暗街灯也在想你\n[02:10.08]但却在暗示结局甚迷离\n[02:55.15]无助无望无奈曾立心想放弃\n[03:01.62]自制自我在每日怨天怨地\n[03:08.60]情话情意情路情尽都经过也是因你\n[03:15.33]留下我在昨日过活但如死\n[03:21.70]痴心像马戏 似小丑眼内希冀\n[03:29.07]为想得到你愿竭力以心献技\n[03:34.65]想你但怨你 暗街灯也在等你\n[03:42.71]但却在暗示结局甚迷离\n[03:49.76]但却在暗示结局甚迷离','/song/张国荣-想你.m4a',295),(67,7,'倩女幽魂','倩女幽魂','2019-06-02 19:45:39','2019-06-02 19:45:39','/img/songPic/78065325577772.jpg','[00:04.11]张国荣 - 倩女幽魂\n[00:07.66]词：黄沾\n[00:07.66]曲：黄沾\n[00:07.66]人生路 美梦似路长\n[00:15.80]路里风霜 风霜扑面干\n[00:24.04]红尘里 美梦有几多方向\n[00:31.82]找痴痴梦幻中心爱\n[00:37.23]路随人茫茫\n[00:42.46]人生是 美梦与热望\n[00:50.44]梦里依稀 依稀有泪光\n[00:58.55]何从何去 去觅我心中方向\n[01:05.95]风仿佛在梦中轻叹\n[01:12.10]路和人茫茫\n[02:40.56]人间路 快乐少年郎\n[02:48.09]路里崎岖 崎岖不见阳光\n[02:56.95]泥尘里 快乐有几多方向\n[03:04.50]一丝丝梦幻般风雨\n[03:09.95]路随人茫茫\n[03:14.64]丝丝梦幻般风雨\n[03:20.07]路随人茫茫','/song/张国荣-倩女幽魂.m4a',218),(68,7,'最冷一天','最冷一天','2019-06-02 12:29:33','2019-06-02 18:07:22','/img/songPic/103354093011859.jpg','[00:00.00] 暂无歌词','/song/张国荣-最冷一天.mp3',258),(74,17,'Lose Yourself','Lose Yourself','2019-06-02 16:40:56','2019-06-02 18:07:17','/img/songPic/6656443395492431.jpg','[00:00.00] 暂无歌词','/song/Eminem-Lose Yourself.mp3',326),(75,17,'When I\'m Gone','When I\'m Gone','2019-06-02 16:42:25','2019-06-02 18:07:13','/img/songPic/6656443395492431.jpg','[00:00.00] 暂无歌词','/song/Eminem-When I\'m Gone.mp3',281),(76,8,'平凡之路','平凡之路','2019-06-02 19:55:55','2019-06-02 19:55:55','/img/songPic/18885211718782327.jpg','[00:00.00]朴树 - 平凡之路(《后会无期》电影主题曲)\n[00:03.25]词：韩寒/朴树\n[00:04.38]曲：朴树\n[00:11.80]徘徊着的 在路上的\n[00:17.58]你要走吗 Via Via\n[00:23.30]易碎的 骄傲着\n[00:29.01]那也曾是我的模样\n[00:34.70]沸腾着的 不安着的\n[00:40.46]你要去哪 Via Via\n[00:46.19]谜一样的 沉着的\n[00:51.92]故事你真的在听吗\n[00:56.16]我曾经跨过山和大海\n[00:59.28]也穿过人山人海\n[01:01.90]我曾经拥有着的一切\n[01:05.02]转眼都飘散如烟\n[01:07.61]我曾经失落失望失掉所有方向\n[01:13.44]直到看见平凡才是唯一的答案\n[01:31.85]当你仍然 还在幻想\n[01:37.66]你的明天 Via Via\n[01:43.20]她会好吗 还是更烂\n[01:49.01]对我而言是另一天\n[01:53.37]我曾经毁了我的一切\n[01:56.43]只想永远地离开\n[01:59.03]我曾经堕入无边黑暗\n[02:02.13]想挣扎无法自拔\n[02:04.84]我曾经像你像他像那野草野花\n[02:10.65]绝望着 也渴望着\n[02:13.55]也哭也笑平凡着\n[03:03.42]向前走 就这么走\n[03:06.10]就算你被给过什么\n[03:08.95]向前走 就这么走\n[03:11.88]就算你被夺走什么\n[03:14.68]向前走 就这么走\n[03:17.63]就算你会错过什么\n[03:20.42]向前走 就这么走\n[03:23.22]就算你会\n[03:24.98]我曾经跨过山和大海\n[03:27.92]也穿过人山人海\n[03:30.55]我曾经拥有着的一切\n[03:33.61]转眼都飘散如烟\n[03:36.12]我曾经失落失望失掉所有方向\n[03:42.23]直到看见平凡才是唯一的答案\n[03:47.85]我曾经毁了我的一切\n[03:50.74]只想永远地离开\n[03:53.19]我曾经堕入无边黑暗\n[03:56.41]想挣扎无法自拔\n[03:58.91]我曾经像你像他像那野草野花\n[04:04.91]绝望着 也渴望着\n[04:07.89]也哭也笑平凡着\n[04:10.78]我曾经跨过山和大海\n[04:13.56]也穿过人山人海\n[04:16.32]我曾经问遍整个世界\n[04:19.34]从来没得到答案\n[04:21.85]我不过像你像他像那野草野花\n[04:27.99]冥冥中这是我 唯一要走的路啊\n[04:34.69]时间无言 如此这般\n[04:40.38]明天已在 Hia Hia\n[04:46.09]风吹过的 路依然远\n[04:51.84]你的故事讲到了哪','/song/朴树-平凡之路.mp3',302),(77,8,'白桦林','白桦林','2019-06-02 19:56:38','2019-06-02 19:56:38','/img/songPic/18885211718782327.jpg','[00:00.11]朴树 - 白桦林(Live)\n[00:00.86]作词：朴树\n[00:01.06]作曲：朴树\n[00:26.93]静静的村庄飘着白的雪\n[00:33.36]阴霾的天空下鸽子飞翔\n[00:40.13]白桦树刻着那两个名字\n[00:46.95]他们发誓相爱用尽这一生\n[00:54.41]有一天战火烧到了家乡\n[01:00.36]小伙子拿起枪奔赴边疆\n[01:07.06]心上人你不要为我担心\n[01:13.77]等着我回来在那片白桦林\n[01:20.82]天空依然阴霾\n[01:23.62]依然有鸽子在飞翔\n[01:27.22]谁来证明那些没有\n[01:30.72]墓碑的爱情和生命\n[01:33.97]雪依然在下那村庄依然安详\n[01:40.63]年轻的人们消失在白桦林\n[01:47.67]噩耗声传来在那个午后\n[01:54.18]心上人战死在远方沙场\n[02:00.93]她默默来到那片白桦林\n[02:07.65]望眼欲穿地每天守在那里\n[02:27.88]她说他只是迷失在远方\n[02:34.53]他一定会来\n[02:37.43]来这片白桦林\n[02:41.33]天空依然阴霾\n[02:44.08]依然有鸽子在飞翔\n[02:48.03]谁来证明那些\n[02:50.63]没有墓碑的爱情和生命\n[02:54.68]雪依然在下那村庄依然安详\n[03:01.48]年轻的人们消失在白桦林\n[03:08.28]长长的路呀就要到尽头\n[03:14.98]那姑娘已经是白发苍苍\n[03:21.68]她时常听他在枕边呼唤\n[03:28.33]来吧亲爱的来这片白桦林\n[03:35.43]在死的时候她喃喃地说\n[03:41.79]我来了等着我在那片白桦林','/song/朴树-白桦林.mp3',229),(78,15,'光辉岁月','光辉岁月','2019-06-02 20:00:14','2019-06-02 20:00:14','/img/songPic/29686813951246.jpg','[00:00.61]beyond - 光辉岁月\n[00:01.47]词：黄家驹\n[00:02.18]曲：黄家驹\n[00:02.89]编曲：黄家驹\n[00:28.57]钟声响起归家的讯号\n[00:32.98]在他生命里\n[00:36.27]仿佛带点唏嘘\n[00:41.51]黑色肌肤给他的意义\n[00:45.94]是一生奉献 肤色斗争中\n[00:54.20]年月把拥有变作失去\n[01:00.96]疲倦的双眼带着期望\n[01:07.45]今天只有残留的躯壳\n[01:11.08]迎接光辉岁月\n[01:14.22]风雨中抱紧自由\n[01:20.41]一生经过彷徨的挣扎\n[01:24.02]自信可改变未来\n[01:27.23]问谁又能做到\n[01:43.17]可否不分肤色的界限\n[01:47.58]愿这土地里\n[01:50.78]不分你我高低\n[01:56.05]缤纷色彩闪出的美丽\n[02:00.51]是因它没有\n[02:03.70]分开每种色彩\n[02:08.75]年月把拥有变作失去\n[02:15.46]疲倦的双眼带着期望\n[02:21.95]今天只有残留的躯壳\n[02:25.61]迎接光辉岁月\n[02:28.86]风雨中抱紧自由\n[02:34.89]一生经过彷徨的挣扎\n[02:38.64]自信可改变未来\n[02:41.78]问谁又能做到\n[03:23.66]今天只有残留的躯壳\n[03:27.21]迎接光辉岁月\n[03:30.40]风雨中抱紧自由\n[03:36.59]一生经过彷徨的挣扎\n[03:40.20]自信可改变未来\n[03:43.41]问谁又能做到\n[03:59.33]今天只有残留的躯壳\n[04:02.83]迎接光辉岁月\n[04:06.12]风雨中抱紧自由\n[04:12.30]一生经过彷徨的挣扎\n[04:15.85]自信可改变未来\n[04:19.10]问谁又能做到\n[04:34.93]今天只有残留的躯壳\n[04:38.53]迎接光辉岁月\n[04:41.76]风雨中抱紧自由\n[04:47.89]一生经过彷徨的挣扎\n[04:51.60]自信可改变未来','/song/Beyond-光辉岁月.mp3',300),(79,15,'无悔这一生','无悔这一生','2019-06-02 20:01:05','2019-06-02 20:01:05','/img/songPic/29686813951246.jpg','[00:00.60]Beyond - 无悔这一生\n[00:02.98]词：卢国宏\n[00:02.60]曲：黄家驹\n[00:16.52]阳光历次消散别去\n[00:23.97]无理冲击我心绪\n[00:30.76]前景没法打算怎么\n[00:38.32]谁会偷生远方里\n[00:46.86]每次记忆哭笑\n[00:51.26]将心意再变改\n[00:53.99]一分一秒\n[01:00.37]无意对一切话别\n[01:03.97]无意却远走他方\n[01:08.68]没有泪光风里劲闯\n[01:12.71]怀着心中新希望\n[01:16.68]能冲一次\n[01:18.48]多一次\n[01:20.01]不息自强\n[01:23.19]没有泪光风里劲闯\n[01:27.32]重植根于小岛岸\n[01:30.82]如天可变风可转\n[01:34.57]不息自强\n[01:37.52]这方向\n[01:52.81]无奈静听不舍心声\n[02:00.27]和我偏偏正呼应\n[02:07.18]前方或会一生奔波\n[02:14.51]无悔这一生经过\n[02:23.03]纵有冷风飘过\n[02:27.48]将心绪再痛逼\n[02:30.48]紧守不变\n[02:36.63]无意对一切话别\n[02:40.44]无意再远走他方\n[02:45.02]没有泪光风里劲闯\n[02:48.91]怀着心中新希望\n[02:53.01]能冲一次\n[02:54.47]多一次\n[02:56.43]不息自强\n[02:59.21]没有泪光风里劲闯\n[03:03.52]重植根于小岛岸\n[03:07.27]如天可变风可转\n[03:10.88]不息自强\n[03:14.12]没有泪光风里劲闯\n[03:17.97]怀着心中新希望\n[03:21.72]能冲一次\n[03:23.92]多一次\n[03:25.52]不息自强\n[03:28.57]没有泪光风里劲闯\n[03:32.58]重植根于小岛岸\n[03:36.70]如天可变风可转\n[03:39.95]不息自强\n[03:42.95]这方向','/song/Beyond-无悔这一生.mp3',0),(80,15,'真的爱你','真的爱你','2019-06-02 20:02:11','2019-06-02 20:02:11','/img/songPic/29686813951246.jpg','[00:00.60]Beyond - 真的爱你\n[00:01.60]词：梁美薇\n[00:02.60]曲：黄家驹\n[00:27.10]无法可修饰的一对手\n[00:30.97]带出温暖永远在背后\n[00:34.07]纵使啰嗦始终关注\n[00:36.00]不懂珍惜太内疚\n[00:39.50]沉醉于音阶她不赞赏\n[00:43.36]母亲的爱却永未退让\n[00:46.52]决心冲开心中挣扎\n[00:48.45]亲恩终可报答\n[00:52.36]春风化雨暖透我的心\n[00:55.51]一生眷顾无言地送赠\n[01:00.18]是你多么温馨的目光\n[01:03.68]教我坚毅望着前路\n[01:06.78]叮嘱我跌倒不应放弃\n[01:12.62]没法解释怎可报尽亲恩\n[01:16.09]爱意宽大是无限\n[01:19.20]请准我说声真的爱你\n[01:37.13]无法可修饰的一对手\n[01:41.04]带出温暖永远在背后\n[01:44.14]纵使啰嗦始终关注\n[01:46.08]不懂珍惜太内疚\n[01:49.59]仍记起温馨的一对手\n[01:53.45]始终给我照顾未变样\n[01:56.59]理想今天终于等到\n[01:58.52]分享光辉盼做到\n[02:02.43]春风化雨暖透我的心\n[02:05.53]一生眷顾无言地送赠\n[02:10.21]是你多么温馨的目光\n[02:13.71]教我坚毅望着前路\n[02:16.87]叮嘱我跌倒不应放弃\n[02:22.66]没法解释怎可报尽亲恩\n[02:26.17]爱意宽大是无限\n[02:29.22]请准我说声真的爱你\n[03:00.06]春风化雨暖透我的心\n[03:03.21]一生眷顾无言地送赠\n[03:07.73]是你多么温馨的目光\n[03:11.34]教我坚毅望着前路\n[03:14.43]叮嘱我跌倒不应放弃\n[03:20.33]没法解释怎可报尽亲恩\n[03:23.79]爱意宽大是无限\n[03:26.83]请准我说声真的爱你\n[03:32.72]是你多么温馨的目光\n[03:36.23]教我坚毅望着前路\n[03:39.38]叮嘱我跌倒不应放弃\n[03:45.22]没法解释怎可报尽亲恩\n[03:48.68]爱意宽大是无限\n[03:51.77]请准我说声真的爱你','/song/Beyond-真的爱你.mp3',0),(89,11,'忘记时间','忘记时间','2019-06-02 20:17:24','2019-06-02 20:17:24','/img/songPic/46179488378975.jpg','[00:03.25]胡歌 - 忘记时间\n[00:05.10]作词：孙艺\n[00:06.35]作曲：程振兴\n[00:32.76]沉默着走了有 多遥远\n[00:40.40]抬起头 蓦然间 才发现\n[00:47.38]一直倒退 倒退到原点\n[00:54.86]倔强坚持 对抗时间\n[01:02.43]说好了的永远 断了线\n[01:09.91]期许了 不变的 却都已改变\n[01:16.93]紧闭 双眼 才能看得见\n[01:23.94]那些曾经温暖 鲜艳过的画面\n[01:30.79]渐渐地忘记 赶不上明天\n[01:34.44]只要用力地抓紧了想念\n[01:38.51]明天再也 没有你的笑脸\n[01:45.49]渐渐地忘记 忘记了时间\n[01:49.26]我只要沿着记忆的路线\n[01:53.44]到最深处 纵然那只是瞬间\n[02:01.63]当眼泪 滑落的 是句点\n[02:08.88]心里面 始终你 从没有走远\n[02:15.67]耳边 誓言 还在回旋\n[02:22.91]我会好好珍惜 没有你的明天\n[02:59.43]渐渐地忘记 赶不上明天\n[03:02.93]只要用力地抓紧了想念\n[03:07.18]明天再也 没有你的笑脸\n[03:14.25]渐渐地忘记 忘记了时间\n[03:17.91]我只要沿着记忆的路线\n[03:22.17]到最深处 纵然那只是瞬间\n[03:28.91]渐渐地忘记 忘记了时间\n[03:32.59]我只要沿着记忆的路线\n[03:37.02]到最深处 纵然那只是瞬间','/song/胡歌-忘记时间.mp3',272),(90,11,'逍遥叹','逍遥叹','2019-06-02 20:18:26','2019-06-02 20:18:26','/img/songPic/109951163240682406.jpg','[00:00.01]胡歌 - 逍遥叹\n[00:02.15]词：Funck\n[00:03.06]曲：Funck\n[00:24.97]岁月难得沉默\n[00:28.29]秋风厌倦漂泊\n[00:31.61]夕阳赖着不走\n[00:34.17]挂在墙头舍不得我\n[00:38.22]昔日伊人耳边话\n[00:41.60]已和潮声向东流\n[00:44.97]再回首往事也随\n[00:48.20]枫叶一片片落\n[00:51.88]爱已走到尽头\n[00:54.85]恨也放弃承诺\n[00:58.32]命运自认幽默想法太多\n[01:02.37]由不得我\n[01:04.91]壮志凌云几分愁\n[01:08.28]知己难逢几人留\n[01:11.54]再回首\n[01:13.25]却闻笑传醉梦中\n[01:19.58]笑叹词穷\n[01:21.65]古痴今狂终成空\n[01:26.09]刀钝刃乏恩断义绝\n[01:29.96]梦方破\n[01:32.83]路荒已叹饱览足迹\n[01:36.56]没人懂\n[01:39.44]多年望眼欲穿过\n[01:42.55]红尘滚滚我没看透\n[01:46.14]自嘲墨尽千情万怨\n[01:49.90]英杰愁\n[01:52.87]曲终人散发花鬓白\n[01:56.60]红颜殁\n[01:59.52]烛残未觉与日争辉\n[02:03.23]图消瘦\n[02:06.11]当泪干血隐狂涌\n[02:09.15]白雪纷飞都成空\n[02:38.49]爱已走到尽头\n[02:41.57]恨也放弃承诺\n[02:44.89]命运自认幽默想法太多\n[02:49.12]由不得我\n[02:51.82]壮志凌云几分愁知己\n[02:55.70]难逢几人留\n[02:58.21]再回首却闻笑传醉梦中\n[03:06.16]笑叹词穷古痴今狂终成空\n[03:12.83]刀钝刃乏恩断义绝梦方破\n[03:19.51]路荒已叹饱览足迹没人懂\n[03:26.12]多年望眼欲穿过\n[03:29.19]红尘滚滚我没看透\n[03:32.85]自嘲墨尽\n[03:34.94]千情万怨英杰愁\n[03:39.48]曲终人散发\n[03:41.94]花鬓白红颜殁\n[03:46.15]烛残未觉\n[03:48.23]与日争辉图消瘦\n[03:52.82]当泪干血隐狂涌\n[03:55.85]白雪纷飞都成空\n[03:59.47]笑叹词穷\n[04:01.50]古痴今狂终成空\n[04:06.16]刀钝刃乏恩断义绝\n[04:09.89]梦方破\n[04:12.75]路荒已叹饱览\n[04:15.69]足迹没人懂\n[04:19.44]多年望眼欲穿过\n[04:22.46]红尘滚滚我没看透\n[04:26.17]自嘲墨尽\n[04:28.30]千情万怨英杰愁\n[04:32.82]曲终人散\n[04:34.93]发花鬓白红颜殁\n[04:39.49]烛残未觉\n[04:41.63]与日争辉图消瘦\n[04:46.13]当泪干血隐狂涌\n[04:49.17]白雪纷飞都成空','/song/胡歌-逍遥叹.mp3',314),(93,12,'匆匆那年','匆匆那年','2019-06-02 20:26:21','2019-06-02 20:26:21','/img/songPic/2542070884980240.jpg','[00:00.60]王菲 - 匆匆那年\n[00:01.60]词：林夕\n[00:02.60]曲：梁翘柏\n[00:28.68]匆匆那年我们\n[00:30.03]究竟说了几遍\n[00:31.49]再见之后再拖延\n[00:34.27]可惜谁有没有\n[00:35.53]爱过不是一场\n[00:36.83]七情上面的雄辩\n[00:39.62]匆匆那年我们\n[00:41.13]一时匆忙撂下\n[00:42.38]难以承受的诺言\n[00:45.49]只有等别人兑现\n[00:51.26]不怪那吻痕还\n[00:53.72]没积累成茧\n[00:56.63]拥抱着冬眠也没能\n[01:00.09]羽化再成仙\n[01:02.25]不怪这一段情\n[01:04.96]没空反复再排练\n[01:07.77]是岁月宽容恩赐\n[01:11.85]反悔的时间\n[01:18.70]如果再见不能红着眼\n[01:21.76]是否还能红着脸\n[01:24.82]就像那年匆促\n[01:26.22]刻下永远一起\n[01:27.62]那样美丽的谣言\n[01:30.03]如果过去还值得眷恋\n[01:33.40]别太快冰释前嫌\n[01:35.95]谁甘心就这样\n[01:39.03]彼此无挂也无牵\n[01:41.69]我们要互相亏欠\n[01:47.15]要不然凭何怀缅\n[01:58.60]匆匆那年我们\n[01:59.85]见过太少世面\n[02:01.00]只爱看同一张脸\n[02:04.07]那么莫名其妙\n[02:05.47]那么讨人欢喜\n[02:06.78]闹起来又太讨厌\n[02:09.84]相爱那年活该\n[02:11.14]匆匆因为我们\n[02:12.84]不懂顽固的诺言\n[02:15.36]只是分手的前言\n[02:21.16]不怪那天太冷\n[02:23.82]泪滴水成冰\n[02:26.73]春风也一样没\n[02:29.39]吹进凝固的照片\n[02:32.20]不怪每一个人\n[02:35.06]没能完整爱一遍\n[02:37.97]是岁月善意落下\n[02:41.93]残缺的悬念\n[02:48.82]如果再见不能红着眼\n[02:51.68]是否还能红着脸\n[02:54.88]就像那年匆促\n[02:56.09]刻下永远一起\n[02:57.35]那样美丽的谣言\n[02:59.91]如果过去还值得眷恋\n[03:03.12]别太快冰释前嫌\n[03:05.94]谁甘心就这样\n[03:08.90]彼此无挂也无牵\n[03:11.25]如果再见不能红着眼\n[03:14.11]是否还能红着脸\n[03:17.27]就像那年匆促\n[03:18.68]刻下永远一起\n[03:19.93]那样美丽的谣言\n[03:22.54]如果过去还值得眷恋\n[03:25.49]别太快冰释前嫌\n[03:28.40]谁甘心就这样\n[03:31.42]彼此无挂也无牵\n[03:34.18]我们要互相亏欠\n[03:39.83]我们要藕断丝连','/song/王菲-匆匆那年.mp3',241),(94,12,'红豆','红豆','2019-06-02 20:27:14','2019-06-02 20:27:14','/img/songPic/2542070884980240.jpg','[00:00.10]红豆 - 王菲\n[00:00.20]词：林夕\n[00:00.30]曲：柳重言\n[00:17.15]还没好好的感受\n[00:20.59]雪花绽放的气候\n[00:24.96]我们一起颤抖\n[00:28.03]会更明白 什么是温柔\n[00:33.59]还没跟你牵着手\n[00:37.72]走过荒芜的沙丘\n[00:42.10]可能从此以后 学会珍惜\n[00:47.42]天长和地久\n[00:50.74]有时候 有时候\n[00:54.93]我会相信一切有尽头\n[00:59.18]相聚离开 都有时候\n[01:03.62]没有什么会永垂不朽\n[01:07.88]可是我 有时候\n[01:12.01]宁愿选择留恋不放手\n[01:16.38]等到风景都看透\n[01:20.76]也许你会陪我 看细水长流\n[01:40.12]还没为你把红豆\n[01:46.38]熬成缠绵的伤口\n[01:50.69]然后一起分享\n[01:53.88]会更明白 相思的哀愁\n[01:59.20]还没好好的感受\n[02:03.57]醒着亲吻的温柔\n[02:07.76]可能在我左右\n[02:11.02]你才追求 孤独的自由\n[02:18.57]有时候 有时候\n[02:22.95]我会相信一切有尽头\n[02:27.14]相聚离开 都有时候\n[02:31.52]没有什么会永垂不朽\n[02:35.96]可是我 有时候\n[02:39.96]宁愿选择留恋不放手\n[02:44.34]等到风景都看透\n[02:48.53]也许你会陪我 看细水长流\n[03:07.93]有时候 有时候\n[03:12.13]我会相信一切有尽头\n[03:16.37]相聚离开 都有时候\n[03:20.69]没有什么会永垂不朽\n[03:25.01]可是我 有时候\n[03:29.26]宁愿选择留恋不放手\n[03:33.57]等到风景都看透\n[03:37.89]也许你会陪我 看细水长流','/song/王菲-红豆.mp3',256),(95,18,'The Children','The Children','2019-06-02 17:42:56','2019-06-02 18:06:50','/img/songPic/6013229092830804.jpg','[00:00.00] 暂无歌词','/song/Ramin Djawadi-The Children.mp3',161),(98,16,'Oh!','Oh!','2019-06-02 17:45:51','2026-07-21 15:30:05','/img/songPic/2529976256578329.jpg','[00:00.00]Oh! - 少女时代 (소녀시대)\n[00:00.91]   \n[00:00.91]词：김정배/김영후\n[00:01.81]   \n[00:01.81]曲：Kenzie\n[00:02.74]   \n[00:02.74]编曲：Kenzie\n[00:03.64]   \n[00:03.64]전에 알던 내가 아냐\n[00:05.21]我现在不是从前的我\n[00:05.21]Brand new sound\n[00:06.84]   \n[00:06.84]새로워진 나와 함께\n[00:08.60]与截然不同的我一起\n[00:08.60]One more round\n[00:10.24]   \n[00:10.24]Dance dance dance\n[00:11.41]   \n[00:11.41]Till we run this town\n[00:13.58]   \n[00:13.58]오빠 오빠 I\'ll be I\'ll be\n[00:15.17]哥哥 哥哥  I\'ll be I\'ll be\n[00:15.17]Down down down down\n[00:16.64]   \n[00:16.64]Hey 오빠 나 좀 봐 나를 좀 바라봐\n[00:20.48]Hey 哥哥 看我 看看我吧 \n[00:20.48]처음이야 이런 내 말투 ha\n[00:23.55]我的这种语气是第一次 哈\n[00:23.55]머리도 하고 화장도 했는데\n[00:27.12]弄了下头发 也化了妆 \n[00:27.12]왜 너만 너만 모르니\n[00:30.23]为什么只有你不了解我 \n[00:30.23]두근 두근 가슴이 떨려와요\n[00:33.53]扑通扑通 心在跳\n[00:33.53]자꾸 자꾸 상상만 하는걸요\n[00:36.89]老是只会想象 \n[00:36.89]어떻게 하나 콧대 높던 내가\n[00:41.89]我该怎么办 一直很高傲的我 \n[00:41.89]말하고 싶어\n[00:43.53]想说出来\n[00:43.53]Oh oh oh 오빠를 사랑해\n[00:46.85]Oh oh oh 哥哥 我爱你 \n[00:46.85]Ah ah ah ah 많이 많이 해\n[00:50.21]Ah ah ah ah 非常爱你\n[00:50.21]수줍으니 제발 웃지마요\n[00:53.45]我很害羞 不要笑我 \n[00:53.45]진심이니 놀리지도 말아요\n[00:56.46]我是真心的 不要取笑我 \n[00:56.46]또 바보 같은 말뿐야 oh\n[01:03.54]又是些傻傻的话 \n[01:03.54]전에 알던 내가 아냐\n[01:05.20]我现在不是从前的我\n[01:05.20]Brand new sound\n[01:06.81]   \n[01:06.81]새로워진 나와 함께\n[01:08.46]与截然不同的我一起\n[01:08.46]One more round\n[01:10.17]   \n[01:10.17]Dance dance dance\n[01:11.42]   \n[01:11.42]Till we run this town\n[01:13.53]   \n[01:13.53]오빠 오빠 I\'ll be I\'ll be\n[01:15.14]哥哥 哥哥  I\'ll be I\'ll be\n[01:15.14]Down down down down\n[01:16.89]   \n[01:16.89]오빠 잠깐만 잠깐만 들어봐\n[01:20.50]哥哥 等一下 听听我的话 \n[01:20.50]자꾸 딴 얘기는 말고\n[01:23.62]不要老是说些无关紧要的话 \n[01:23.62]동생으로만 생각하진 말아\n[01:27.15]不要只把我当妹妹 \n[01:27.15]1년 뒤면 후회할 걸\n[01:30.28]一年后 你会后悔的 \n[01:30.28]몰라 몰라 내 맘을 전혀 몰라\n[01:33.54]不懂 不懂 你完全不懂我的心 \n[01:33.54]눈치 없게 장난만 치는걸요\n[01:36.89]老是没眼力的开玩笑 \n[01:36.89]어떻게 하나 이 철없는 사람아\n[01:41.88]怎么说才好 你这不懂事的人 \n[01:41.88]들어봐 정말\n[01:43.52]听听吧 真是的 \n[01:43.52]Oh oh oh 오빠를 사랑해\n[01:46.81]Oh oh oh 哥哥 我爱你 \n[01:46.81]Ah ah ah ah 많이 많이 해\n[01:50.20]Ah ah ah ah 非常 非常 \n[01:50.20]수줍으니 제발 웃지마요\n[01:53.46]我很害羞 不要笑我 \n[01:53.46]진심이니 놀리지도 말아요\n[01:56.45]我是真心的 不要取笑我 \n[01:56.45]또 그러면 나 울지도 몰라 oh\n[02:03.53]又这样的话 我有可能会哭 \n[02:03.53]전에 알던 내가 아냐\n[02:05.14]我现在不是从前的我\n[02:05.14]Brand new sound\n[02:06.82]   \n[02:06.82]뭔가 다른 오늘만은 뜨거운 마음\n[02:10.15]有所不同的今天是炙热的心 \n[02:10.15]다음 다음 미루지 마 화만 나\n[02:13.56]不要再拖到下一次了 这样只能让我生气 \n[02:13.56]오빠 오빠 이대로는 no no no no\n[02:16.83]哥哥 哥哥 现在这样子 no no no no\n[02:16.83]Tell me boy boy love\n[02:18.50]告诉我 你喜欢\n[02:18.50]It it it it it it it ah\n[02:20.27]   \n[02:20.27]Oh oh oh 오빠를 사랑해\n[02:23.56]Oh oh oh 哥哥 我爱你 \n[02:23.56]Ah ah ah ah 많이 많이 해\n[02:26.91]Ah ah ah ah  非常 非常 \n[02:26.91]Oh oh oh oh oh oh oh\n[02:28.43]   \n[02:28.43]오빠를 사랑해\n[02:30.25]哥哥 我爱你 \n[02:30.25]Ah ah ah ah ah ah ah ah\n[02:32.00]   \n[02:32.00]많이 많이 해\n[02:33.18]非常爱你\n[02:33.18]또 바보 같은 말뿐야 oh\n[02:40.20]又是些傻傻的话 oh \n[02:40.20]Oh oh oh oh ah ah ah ah\n[02:46.90]   \n[02:46.90]Oh oh oh oh oh oh oh\n[02:48.37]   \n[02:48.37]오빠를 사랑해\n[02:50.25]哥哥 我爱你 \n[02:50.25]Ah ah ah ah ah ah ah ah\n[02:51.91]   \n[02:51.91]많이 많이 해\n[02:53.56]非常爱你\n[02:53.56]Oh oh oh oh oh oh oh\n[02:54.91]   \n[02:54.91]오빠를 사랑해\n[02:56.91]哥哥 我爱你 \n[02:56.91]Ah ah ah ah ah ah ah ah\n[02:58.47]   \n[02:58.47]많이 많이 oh\n[03:03.04]非常 非常 oh','/song/少女时代 - Oh!.mp3',190),(102,13,'My Heart Will Go On','My Heart Will Go On','2019-06-02 23:39:37','2019-06-02 23:39:37','/img/songPic/813638604607979.jpg','[00:00:00]暂无歌词','/song/Celine Dion-My Heart Will Go On.mp3',277),(105,14,'侠风','侠风','2019-06-03 01:33:36','2019-06-03 01:33:36','/img/songPic/2537672838499056.jpg','[00:00:00]暂无歌词','/song/胡伟立 - 侠风.mp3',134),(106,14,'嬉戏','嬉戏','2019-06-03 01:34:22','2019-06-03 01:34:22','/img/songPic/2537672838499056.jpg','[00:00:00]暂无歌词','/song/胡伟立 - 嬉戏.mp3',78),(107,1,'Falling Crazy in Love','Falling Crazy in Love','2019-06-03 01:35:45','2026-07-21 15:27:29','/img/songPic/1366692963716373.jpg','[00:00.00]제주도의 푸른 밤 - 太妍 (태연)\n[00:03.50]   \n[00:03.50]词：최성원\n[00:07.00]   \n[00:07.00]曲：최성원\n[00:10.50]   \n[00:10.50]编曲：장영수\n[00:14.00]   \n[00:14.00]떠나요 둘이서\n[00:17.37]离开吧 两人\n[00:17.37]모든 걸 훌훌 버리고\n[00:20.87]抛下所有的东西\n[00:20.87]제주도 푸른 밤 그 별 아래\n[00:27.62]济州岛蓝色的夜晚 星辰之下\n[00:27.62]이제는 더이상\n[00:31.25]从此以后\n[00:31.25]얽매이긴 우리 싫어요\n[00:34.60]我们讨厌被束缚在\n[00:34.60]신문에 TV 에 월급봉투에\n[00:42.42]报纸里 电视里 月薪信封里\n[00:42.42]아파트 담벼락보다는\n[00:45.21]比起公寓的楼墙\n[00:45.21]바달 볼수 있는 창문이 좋아요\n[00:49.00]我更喜欢能看到大海的窗户\n[00:49.00]낑깡밭 일구고 감귤도\n[00:52.31]开垦荒地 种下柑橘\n[00:52.31]우리 둘이 가꿔봐요\n[00:57.50]我们两人试着栽培\n[00:57.50]정말로 그대가\n[01:00.79]如果你真的\n[01:00.79]외롭다고 느껴진다면\n[01:04.07]感到孤单的话\n[01:04.07]떠나요 제주도 푸른 밤\n[01:09.35]离开吧 去济州岛 \n[01:09.35]하늘 아래로\n[01:25.21]蓝色夜空之下\n[01:25.21]떠나요 둘이서 힘들게 별로 없어요\n[01:31.98]离开吧 两人 不会有什么困难\n[01:31.98]제주도 푸른밤 그 별아래\n[01:38.93]济州岛蓝色的夜晚 星辰之下\n[01:38.93]그동안 우리는\n[01:42.65]曾几何时\n[01:42.65]오랫동안 지쳤잖아요\n[01:45.84]我们都疲惫不堪\n[01:45.84]술집에 카페에 많은 사람에\n[01:53.71]酒吧 咖啡馆 人来人往 \n[01:53.71]도시의 침묵보다는\n[01:56.45]比起城市的沉默\n[01:56.45]바다의 속삭임이 좋아요\n[02:00.37]喜欢大海的缠绵细语\n[02:00.37]신혼부부 밀려와 똑같은\n[02:03.59]新婚夫妇蜂拥而至\n[02:03.59]사진 찍기 구경하며\n[02:08.72]游玩着拍着相同的照片\n[02:08.72]정말로 그대가 재미없다\n[02:13.53]如果你真的 \n[02:13.53]느껴진다면\n[02:15.52]感到无聊的话\n[02:15.52]떠나요 제주도\n[02:19.15]离开吧 去济州岛 \n[02:19.15]푸르메가 살고 있는 곳\n[02:37.18]去充满湛蓝的地方吧\n[02:37.18]도시의 침묵보다는\n[02:40.00]比起城市的沉默\n[02:40.00]바다의 속삭임이 좋아요\n[02:43.90]喜欢大海的缠绵细语\n[02:43.90]신혼부부 밀려와\n[02:45.74]新婚夫妇蜂拥而至\n[02:45.74]똑같은 사진 찍기 구경하며\n[02:52.22]游玩着拍着相同的照片\n[02:52.22]정말로 그대가\n[02:55.66]如果你真的\n[02:55.66]재미없다 느껴진다면\n[02:59.00]感到无聊的话\n[02:59.00]떠나요 제주도\n[03:02.50]离开吧 去济州岛 \n[03:02.50]푸르메가 살고 있는 곳\n[03:07.05]去充满湛蓝的地方吧','/song/Jessica - Falling Crazy in Love.mp3',242),(110,14,'太极乐','太极乐','2019-06-03 01:37:45','2020-04-05 16:46:18','/img/songPic/2537672838499056.jpg','[00:00:00]暂无歌词','/song/武聆音雄 - 太极乐.mp3',70),(119,3,'非你莫属','非你莫属','2026-07-21 15:15:26','2026-07-21 15:15:26','/img/songPic/1784618126176.jpg','[00:00.00]非我莫属 - 黎明 (Leon Lai Ming)\r\n[00:11.56]词：十方\r\n[00:23.12]曲：Simon Woodgate\r\n[00:34.68]你的心太挤\r\n[00:36.67]这样下去不行\r\n[00:38.63]该清清一个空地\r\n[00:40.82]放放我们的感情\r\n[00:43.03]爱就像奇迹餐厅\r\n[00:45.10]用真心才进得去\r\n[00:47.02]否则你只能站在门外淋雨\r\n[00:51.75]三心两意\r\n[00:54.03]必须用专一来痊愈\r\n[00:58.75]我亲爱的你\r\n[01:01.35]爱你 非我莫属\r\n[01:04.82]你的幸福 我来建筑\r\n[01:08.90]你的顽固 我来让步\r\n[01:13.10]你的糊涂 我来弥补\r\n[01:17.34]你的贪图 我来满足\r\n[01:38.45]两颗心加减乘除\r\n[01:40.79]你怕爱变成负数\r\n[01:42.92]翻翻战争的纪录\r\n[01:45.04]为什么你总是输\r\n[01:47.35]其实爱笨得像一座电梯\r\n[01:51.70]你确定指令 快乐就说欢迎光临\r\n[01:55.97]三心两意\r\n[01:58.14]必须用专一来痊愈\r\n[02:03.06]我亲爱的你\r\n[02:05.54]爱你 非我莫属\r\n[02:08.96]你的幸福 我来建筑\r\n[02:13.19]你的顽固 我来让步\r\n[02:17.40]你的糊涂 我来弥补\r\n[02:21.58]你的贪图 我来满足\r\n[02:25.75]好情人不多见\r\n[02:28.00]特别在善变世界\r\n[02:30.20]错过到等个几年你别说再见\r\n[02:34.52]我手捧着永远\r\n[02:36.36]我眼写着坚决\r\n[02:38.79]惊喜会一页一页\r\n[02:40.86]继续出现\r\n[02:43.37]你的幸福 我来建筑\r\n[02:47.34]你的顽固 我来让步\r\n[02:51.62]你的糊涂 我来弥补\r\n[02:55.87]你的贪图 我来满足\r\n[03:00.28]你的幸福 我来建筑\r\n[03:04.46]你的顽固 我来让步\r\n[03:08.75]你的糊涂 我来弥补','/song/1784618126139.mp3',197);
/*!40000 ALTER TABLE `song` ENABLE KEYS */;
UNLOCK TABLES;

--
-- Table structure for table `song_sheet`
--

DROP TABLE IF EXISTS `song_sheet`;
/*!40101 SET @saved_cs_client     = @@character_set_client */;
/*!50503 SET character_set_client = utf8mb4 */;
CREATE TABLE `song_sheet` (
  `id` int unsigned NOT NULL AUTO_INCREMENT,
  `title` varchar(255) COLLATE utf8mb4_unicode_ci NOT NULL,
  `pic` varchar(255) COLLATE utf8mb4_unicode_ci DEFAULT NULL,
  `introduction` text COLLATE utf8mb4_unicode_ci,
  `style` varchar(255) COLLATE utf8mb4_unicode_ci DEFAULT NULL COMMENT '风格展示缓存，源数据见 song_sheet_style_rel',
  PRIMARY KEY (`id`)
) ENGINE=InnoDB AUTO_INCREMENT=85 DEFAULT CHARSET=utf8mb4 COLLATE=utf8mb4_unicode_ci;
/*!40101 SET character_set_client = @saved_cs_client */;

--
-- Dumping data for table `song_sheet`
--

LOCK TABLES `song_sheet` WRITE;
/*!40000 ALTER TABLE `song_sheet` DISABLE KEYS */;
INSERT INTO `song_sheet` VALUES (1,'The Good, the Bad and the Ugly','/img/songListPic/a32415ca9a21f6f9a1d99b2731f224b5d319c424.jpg','he Good, the Bad and the Ugly: Original Motion Picture Soundtrack was released in 1966 alongside the Western film, The Good, the Bad and the Ugly, directed by Sergio Leone. The score is composed by frequent Leone collaborator Ennio Morricone, whose distinctive original compositions, containing gunfire, whistling, and yodeling permeate the film. The main theme, resembling the howling of a coyote, is a two-note melody that is a frequent motif, and is used for the three main characters, with a different instrument used for each one: flute for Blondie (Man With No Name), Arghilofono (Ocarina) for Angel Eyes, and human voices for Tuco.','欧美-轻音乐'),(2,'年轻之歌 有关爱与挑衅','/img/songListPic/wv2NdfZrUnLDSwk_kQoSZg==_109951163751040922.jpg','那些喜欢到会循环播放的歌','华语'),(3,'希望十八岁你爱的人是八十岁在你身边的人','/img/songListPic/q0ZyCw22PCiTG2LX_A2kew==_109951163594989759.jpg','让你怦然心动','华语'),(9,'『粤语』好听到爆的粤语歌单','/img/songListPic/QHD2Uy2y9ktndbK1UKgdgg==_18611433325258133.jpg','歌单','粤语'),(11,'我喜欢你，喜欢没用，没用也喜欢','/img/songListPic/109951163919069037.jpg','情不知所起，一往而情深。\n伤不知所因，痛彻心扉\n\n从前你是我心上的一束光，倾世温暖。\n现在你是我心里的一根刺，刻骨铭心。\n以后你是我心底的一粒尘，无关痛痒。\n\n我喜欢你，喜欢没用，没用也喜欢','华语'),(12,'生活感到疲惫的话就听这些歌吧','/img/songListPic/109951163936991203.jpg','当你感到疲惫的时候\n睡一个沉稳的觉醒来\n和陌生人对视互笑\n买一杯刚好温度的奶茶\n吃到合口味的菜\n遇见喜欢人的时候自己是最美的状态\n下雨 清晨 初雪 深夜 亲吻 拥抱 牵手 大笑\n快乐总被说很难\n但我希望你顶...','华语'),(13,'熬夜和想你，我都该戒掉了','/img/songListPic/109951163216834301.jpg','命运似乎是一个轮回，在一次次的偶然下，平行线交叉，再平行，故事始终有\"然后\"，可后来的我们，都学会如何去爱了吗？\n\n如果当时你没走，后来的我们会不会不一样。或许，我们每个人都想回到故事最开始的地方。','华语'),(14,'怀旧向||时光流转从前，人生如寄','/img/songListPic/109951163443093546.jpg','岁月悠扬，娓娓动听\n在流失了的记忆之中\n听到属于我们这一代人的歌\n想起属于我们这一代人的路\n愿\n星辰大海\n春暖花开','华语'),(15,'不曾刻骨铭心，为何念念不忘？','/img/songListPic/109951163887710551.jpg','“所爱隔山海 山海皆可平”\n你拒绝的 不珍惜的 不代表别人也不喜欢\n人生都是向前走的 我们都一样\n\n谁先认真谁先输，我只能说我输了\n再忙碌还是会想你 真的不明白\n都说未曾刻骨铭心，又为何总是念念不忘','华语'),(16,'社会语录！土嗨','/img/songListPic/109951163858422257.jpg','社会！','华语'),(17,'听青春ost，心悸的时光里有你','/img/songListPic/109951163826485303.jpg','我们青春就像是被大雨淋湿的自己，即使是感冒了，也愿意再淋一次。只有爱过了，伤过了，痛过了，这才叫青春。','华语'),(18,'【经典】聼一首老歌，想念一段时光','/img/songListPic/109951163311246502.jpg','寂静的黄昏，总让人怀念，总是深深沦陷...\n那些个细数光阴在手中沉淀的日子，一去不复返...\n偶尔，我一个人站在黄昏的角落，代替你主持夕阳的葬礼...\n想着想着，痛凝重了时间，曳落了容颜...\n青春的羽翼...','华语'),(20,'【华语抒情-林俊杰】—孤独，是我的享受','/img/songListPic/109951163826685601.jpg','我喜欢孤独，不与任何人说话，在一份静谧中安然地做自己喜欢的事。任身心徜徉，暂时忘却“柴米油盐酱醋茶”的烦琐，去体验“琴棋书画诗酒花”的高雅；暂时抛开追名逐利的忙碌奔波，去感受心无杂念的宁静淡泊；暂时摆脱困扰你的喜怒哀乐，去体味生活中的充实祥和。','华语'),(22,'愿山野浓雾都有路灯 风雨漂泊都有归舟','/img/songListPic/109951163594594622.jpg','你慢慢走\n回忆暗涌\n悲喜翻滚','华语'),(23,'「女声控」音色沁人心 旋律美如画','/img/songListPic/109951163098238240.jpg','女声控福利来啦-=≡Σ((( つ•̀ω•́)つ','欧美'),(24,'Moombahton 丨电流律动的异域风','/img/songListPic/109951163500933771.jpg','Moombahton融合了Dutch House和Reggaeton，常常带有Trap的元素，特别是在Bulid Up部分，厚实的Bass与密集的打击鼓点，节拍丰富，加上旋律和音色比较异域，一般都有人声部分，其BPM多数基于110，更突出在Drop高潮，让人不禁联想抖动的节奏。','欧美'),(26,'史诗 • 神级BGM丨灵魂的震颤&心灵的洗涤','/img/songListPic/109951163692248020.jpg','随着一声怒吼，千军万马进行着一场浩荡的战争，马的嘶吼声与兵器碰撞的金属声谱写着一部史前的震撼。\n欢迎来到此歌单，晚上睡觉别点开！\n别点开！\n别点开！','BGM'),(28,'史诗级震撼人心大气磅礴超燃BGM','/img/songListPic/109951163618525359.jpg','史诗级震撼人心超燃BGM,每首都是本人精心挑选和最喜欢的，歌单歌曲是按我个人喜欢排序，持续更新中……','BGM'),(29,'肾上腺素飙升（赛车必备）','/img/songListPic/109951163578540101.jpg','赛车运动，自吸为王，涡轮必胜.','BGM'),(30,'『欧美神曲』让你怦然心动','/img/songListPic/109951163621168769.jpg','让你怦然心动','欧美'),(31,'健身丨做自己平凡世界的超级英雄','/img/songListPic/109951163670223947.jpg','热爱健身的朋友们一起嗨！','BGM'),(32,'『空灵欧美』论◎怎样唱出星辰大海','/img/songListPic/109951163921593479.jpg','“我们在哪里？”\n\n“星空，是星空！美丽而触手可及！”\n\n“这里，是星辰大海，是你小时候的幻想……”','欧美'),(33,'Space Club 蹦迪','/img/songListPic/109951163738160487.jpg','Sapce Clup全球百大DJ丨Urumqi','BGM'),(36,'极致旋律&空灵飘纱','/img/songListPic/109951163672593019.jpg','心在寂静之中冒着烟 寻找安寄所','欧美'),(38,'欧美精选 | 嗨 伙计 要来首10w+吗？','/img/songListPic/109951163414509421.jpg','个别曲目未收录很可能是由于我没买人家的专辑 emmmm.... \n没买就是没买。没兴趣，不想买，买不起，这答案您满意吗？','欧美'),(39,'「高质量英文歌」让你单曲循环的英文歌','/img/songListPic/18814842976746273.jpg','I love the endless sea, I love the rain softly, I love flying snow, I love bringing a bright full moon, but I love the starry night sky.','欧美'),(40,'稀 | 奇 | 古 | 怪 | 音 | 效 | 工 | 厂','/img/songListPic/109951163462173993.jpg','不好意思 在我耳朵化掉之前是能数清的\n\n麻烦大家帮黑哥数数\n\n这些里面藏了多少个稀奇古怪的音效\n\n听归听 收藏某首歌之后我也不知道明天你的日推怎么作妖哈','欧美'),(41,'〖欧美女声〗 倾城一刻，我似乎更懂你','/img/songListPic/18591642116274551.jpg','个性，风格，颜值，行为，年龄段……差不多的人，听歌的兴趣差不多哦','欧美'),(42,'『电影配乐』当优雅华尔兹遇上激情探戈','/img/songListPic/109951163904955394.jpg','华尔兹有着与生俱来的华贵与优雅。简约却不简单的舞步透出的是舞者相互心灵的体会与传达……','欧美'),(47,'人生就要嗨','/img/songListPic/109951163938242029.jpg','我命由我不由天','日韩-BGM'),(49,'伤感日语 · 芳华少女的孤独内心','/img/songListPic/109951163942747948.jpg','お母さん','日韩'),(50,'「予你情书」明年一起去看樱花吧','/img/songListPic/19079825277149145.jpg','想和你去看樱花\n看夏日的烟火大会\n看秋日京都岚山的枫叶\n和冬日落雪的小樽\n\n想和你一起去看一场樱花\n看漫天的飞舞的樱花在我们周围\n就这样安静地待着也好彼此交换心事\n\n想予你一封情书\n写尽关于我们的一切...','日韩'),(51,'那些年我们听过的韩国歌','/img/songListPic/18804947371714354.jpg','J.Fla，原名Kim Jung Hwa，韩国歌手,歌曲制作人。2013年正式出道并发行首张原创EP《바보 같은 Story》出道后不久就迅速在日本和韩国成为热门话题\n2016年，J.Fla的翻唱作品在国内转载而得到关注，因其甜美声线和惊艳侧颜得到许多人的喜爱。','日韩'),(52,'小众而惊艳 ·韩国独立音乐精选集','/img/songListPic/109951163833244126.jpg','在无数的灰色版权中找到了它们。\n宝藏一般的旋律，它们不应该被如此埋没。','日韩'),(53,'一秒就会中毒的韩语歌单~','/img/songListPic/109951163515798929.jpg','愿对这世界温柔以待的人 被温柔以待.','日韩'),(56,'日系燃向丨此刻光辉 将引领着我们','/img/songListPic/109951163097151464.jpg','天空燃尽如灰，\n繁星烧毁似尘，\n那些音乐所带来的力量，化作为光，将引领着我们前行！','日韩-BGM'),(57,'日系』有一种调皮叫小清新~','/img/songListPic/19152393044479439.jpg','阳光明媚的日子\n心情好到爆炸\n总想要找支歌来抒发一下感情，分享自己的喜悦。\n虽然我听不懂日语，但是并不影响我喜欢它的调皮与清新，舒服的日系小调，让人心情变好~\n\n阳光灿烂，微风拂面，大概就是这个歌单给人的感觉吧~','日韩'),(58,'【日系抒情】早晚终相会 忧思情愈深','/img/songListPic/109951163802235324.jpg','瀬を早み 岩にせかるる 滝川の\nわれても末に 逢はむとぞ思ふ','日韩-轻音乐'),(59,'日系沙哑女声| 愿这份歌声融化你的心','/img/songListPic/109951163862683663.jpg','相信大家都听过沙哑的歌吧，majiko，aimer大家都很熟悉了吧。\n\n这种嗓音真的超温柔呀，这个单选出了些沙哑声线歌手的歌，希望大家喜欢。\n\n愿这温柔的声音可以用听觉的方式带给你一场现实上和想象上的一种迷离感，同时陷入一种与女声错觉般的邂逅。\n\np站id:73189154 画师:gomzi','日韩'),(60,'『韩语』 感性伴秋风渐起 随秋意渐浓','/img/songListPic/109951163606909947.jpg','走过林荫道\n落叶从眼前划过\n才晓得秋天已经降临了一段时间\n我静静看着你的日子\n似乎还是昨天\n你回头看向别处的那个瞬间\n却已经成为今天\n\n若我们离别\n不要说Good bye\n说See you吧\n如同再次光临的秋天一样\n总...','日韩'),(61,'韩‖轻柔小调，治愈系旋律','/img/songListPic/19053436998325469.jpg','我爬上全世界的屋顶，\n带着全部的清醒和一只酒瓶。\n— — 张艾嘉《我站在全世界的屋顶》','日韩-轻音乐'),(62,'听首老歌 回味永不褪色的华语经典','/img/songListPic/109951163203287436.jpg','回味光辉岁月三十年\n\n岁月是一场充满告别的旅程\n\n怀旧\n不是因为那个时代多美好\n而是那时\n你正年轻\n\n百许流年忆往事\n千几往事暖流年','粤语'),(63,'【粤语】要有多坚强，才敢念念不忘','/img/songListPic/18878614648960788.jpg','你说\n你不愿意种花\n我不愿看见它\n一点点的凋落\n是的\n为了避免结束\n你避免了一切\n也避免了所有\n\n开始\n你说你喜欢雨滴\n但是你在下雨的时候打伞\n你说你喜欢太阳\n但是你在阳光明媚的时候\n躲在阴凉的地方 \n你说...','粤语'),(64,'初听不知曲中意 再听已是曲中人','/img/songListPic/19101815510024256.jpg','有时候听到一首歌，觉得旋律很好，歌词很好。但怎么也不能体会到，歌里唱的感情。后来有一天，你遇到了一个人，发生了一段故事。当你再听到那首歌时，就会觉得歌里唱的，都是你的故事。\n每一首你喜欢的歌曲，都附有非一般的意义，因为都唱出了你内心的声音和过往经历，其实你听到的都是你自己，那些年你累积在心里的所有欢乐悲伤，所有故事过往。','粤语'),(65,'粤语男声：我爱你依旧如初，不曾改变。','/img/songListPic/18612532836990988.jpg','记得曾经看过一段话：爱情不是抱一抱，亲一亲，改个情侣网名，换个情侣头像，就是情侣了...','粤语'),(66,'『粤语』虐到心痛的曲 听到泪落的词','/img/songListPic/3434874325869351.jpg','此歌单多为小众粤语，听过太多评论999+的人人传颂的经典歌曲，每次淘到一首鲜为人知人的歌曲，都会非常的惊喜，听歌嘛，最重要的就是自己听着觉得舒服就对啦，不一定非要高热度的啦。此歌单内歌曲不仅旋律打动人心，每首歌词都超虐心，痴情人的爱有时候那么卑微，低到尘埃里，爱到不死不休.....有时候看着歌词听着这些歌情不自禁泪奔，烦请听歌的人，千万不要对号入座，伤害指数超高! 绝对不容错过的小众粤语!','粤语'),(67,'富士山下钟无艳 吴哥窟内我本人','/img/songListPic/109951162869937004.jpg','男不听七友 女不听钟无艳','粤语'),(68,'流行男声||谦谦君子，情浓粤语','/img/songListPic/109951163193554791.jpg','慧极必伤，情深不寿，强极则辱，谦谦君子，温润如玉！细数那些唯美男声','粤语'),(69,'粤语live||赛赢录音棚流行live','/img/songListPic/109951163196627760.jpg','听腻了录影棚里的无杂音歌声？也许换成live会是心的开始','粤语'),(71,'「致青春」粤语带你回忆','/img/songListPic/109951163024198570.jpg','歌听多了 粤语也熟了 \n越听越有感觉','粤语'),(72,'Beyond的辉煌岁月是人生旅途的伴奏','/img/songListPic/109951163278666363.jpg','Beyond是那种有自己独特的风格，有自己的精神，能象征一个时代，也能映射一类人的组合。他们的歌带入感很强，总有共鸣产生，因为他们没有无病呻吟的悲情，也不爱写迎合大众的爱情故事，而是用自己的歌词和声音在诠释着生活，激励着人生','粤语'),(83,'国风传统器乐赏~~♪','/img/songListPic/18907201951803673.jpg','中国音乐是光辉灿烂的中国文化的一个重要组成部分。当古典音乐流泻而出的一刹那间，你可以清楚的看到，在空气中流动的是高山、是流水、是丝竹、是冬雪、是千古的生命，那份说不出、道不尽的感动，就是中国古典音乐之美。','乐器');
/*!40000 ALTER TABLE `song_sheet` ENABLE KEYS */;
UNLOCK TABLES;

--
-- Table structure for table `song_sheet_song`
--

DROP TABLE IF EXISTS `song_sheet_song`;
/*!40101 SET @saved_cs_client     = @@character_set_client */;
/*!50503 SET character_set_client = utf8mb4 */;
CREATE TABLE `song_sheet_song` (
  `id` int unsigned NOT NULL AUTO_INCREMENT,
  `song_id` int unsigned NOT NULL,
  `song_sheet_id` int unsigned NOT NULL,
  PRIMARY KEY (`id`),
  UNIQUE KEY `uk_song_sheet_song` (`song_id`,`song_sheet_id`)
) ENGINE=InnoDB AUTO_INCREMENT=210 DEFAULT CHARSET=utf8mb3;
/*!40101 SET character_set_client = @saved_cs_client */;

--
-- Dumping data for table `song_sheet_song`
--

LOCK TABLES `song_sheet_song` WRITE;
/*!40000 ALTER TABLE `song_sheet_song` DISABLE KEYS */;
INSERT INTO `song_sheet_song` VALUES (18,10,2),(20,10,3),(17,10,13),(5,11,2),(62,11,20),(44,21,15),(140,21,50),(143,21,60),(9,22,2),(10,22,12),(154,22,57),(144,22,60),(158,22,61),(138,23,49),(145,23,60),(45,24,16),(100,24,69),(88,25,63),(94,25,65),(98,25,67),(106,25,68),(99,25,69),(41,26,14),(63,26,20),(89,26,63),(102,26,69),(19,28,3),(1,36,1),(119,36,38),(120,37,38),(124,37,40),(130,41,24),(118,41,36),(8,44,1),(103,48,69),(195,61,31),(133,61,47),(141,61,52),(150,61,56),(193,62,29),(134,62,47),(142,62,52),(157,62,61),(196,63,31),(200,63,33),(148,63,53),(151,63,56),(146,63,58),(156,63,59),(84,64,62),(92,64,64),(95,64,65),(108,64,66),(97,64,67),(105,64,68),(78,64,71),(37,65,11),(53,65,18),(85,65,62),(91,65,64),(79,65,71),(86,66,62),(39,67,14),(54,67,18),(87,67,62),(107,67,66),(96,67,67),(70,68,22),(136,68,49),(159,68,51),(72,76,17),(69,77,22),(29,78,9),(40,78,14),(75,78,72),(30,79,9),(90,79,63),(76,79,72),(31,80,9),(93,80,64),(109,80,66),(104,80,68),(77,80,72),(67,91,22),(73,93,15),(68,94,22),(188,95,26),(191,95,28),(192,98,29),(199,98,33),(132,98,47),(152,98,57),(147,98,58),(155,98,59),(110,102,23),(113,102,30),(114,102,32),(123,102,39),(126,102,40),(128,102,41),(129,102,42),(186,105,83),(202,106,83),(209,107,23),(203,107,53),(204,107,60);
/*!40000 ALTER TABLE `song_sheet_song` ENABLE KEYS */;
UNLOCK TABLES;

--
-- Table structure for table `song_sheet_style`
--

DROP TABLE IF EXISTS `song_sheet_style`;
/*!40101 SET @saved_cs_client     = @@character_set_client */;
/*!50503 SET character_set_client = utf8mb4 */;
CREATE TABLE `song_sheet_style` (
  `id` int unsigned NOT NULL AUTO_INCREMENT,
  `name` varchar(50) COLLATE utf8mb4_unicode_ci NOT NULL,
  PRIMARY KEY (`id`),
  UNIQUE KEY `uk_song_sheet_style_name` (`name`)
) ENGINE=InnoDB AUTO_INCREMENT=9 DEFAULT CHARSET=utf8mb4 COLLATE=utf8mb4_unicode_ci;
/*!40101 SET character_set_client = @saved_cs_client */;

--
-- Dumping data for table `song_sheet_style`
--

LOCK TABLES `song_sheet_style` WRITE;
/*!40000 ALTER TABLE `song_sheet_style` DISABLE KEYS */;
INSERT INTO `song_sheet_style` VALUES (6,'BGM'),(7,'乐器'),(1,'华语'),(4,'日韩'),(3,'欧美'),(8,'流行'),(2,'粤语'),(5,'轻音乐');
/*!40000 ALTER TABLE `song_sheet_style` ENABLE KEYS */;
UNLOCK TABLES;

--
-- Table structure for table `song_sheet_style_rel`
--

DROP TABLE IF EXISTS `song_sheet_style_rel`;
/*!40101 SET @saved_cs_client     = @@character_set_client */;
/*!50503 SET character_set_client = utf8mb4 */;
CREATE TABLE `song_sheet_style_rel` (
  `song_sheet_id` int unsigned NOT NULL,
  `style_id` int unsigned NOT NULL,
  PRIMARY KEY (`song_sheet_id`,`style_id`),
  KEY `idx_song_sheet_style_rel_style` (`style_id`),
  CONSTRAINT `fk_sssr_sheet` FOREIGN KEY (`song_sheet_id`) REFERENCES `song_sheet` (`id`) ON DELETE CASCADE,
  CONSTRAINT `fk_sssr_style` FOREIGN KEY (`style_id`) REFERENCES `song_sheet_style` (`id`) ON DELETE RESTRICT
) ENGINE=InnoDB DEFAULT CHARSET=utf8mb4 COLLATE=utf8mb4_unicode_ci;
/*!40101 SET character_set_client = @saved_cs_client */;

--
-- Dumping data for table `song_sheet_style_rel`
--

LOCK TABLES `song_sheet_style_rel` WRITE;
/*!40000 ALTER TABLE `song_sheet_style_rel` DISABLE KEYS */;
INSERT INTO `song_sheet_style_rel` VALUES (2,1),(3,1),(11,1),(12,1),(13,1),(14,1),(15,1),(16,1),(17,1),(18,1),(20,1),(22,1),(9,2),(62,2),(63,2),(64,2),(65,2),(66,2),(67,2),(68,2),(69,2),(71,2),(72,2),(1,3),(23,3),(24,3),(30,3),(32,3),(36,3),(38,3),(39,3),(40,3),(41,3),(42,3),(47,4),(49,4),(50,4),(51,4),(52,4),(53,4),(56,4),(57,4),(58,4),(59,4),(60,4),(61,4),(1,5),(58,5),(61,5),(26,6),(28,6),(29,6),(31,6),(33,6),(47,6),(56,6),(83,7);
/*!40000 ALTER TABLE `song_sheet_style_rel` ENABLE KEYS */;
UNLOCK TABLES;

--
-- Table structure for table `user`
--

DROP TABLE IF EXISTS `user`;
/*!40101 SET @saved_cs_client     = @@character_set_client */;
/*!50503 SET character_set_client = utf8mb4 */;
CREATE TABLE `user` (
  `id` int unsigned NOT NULL AUTO_INCREMENT,
  `username` varchar(255) NOT NULL,
  `password` varchar(100) NOT NULL,
  `sex` tinyint DEFAULT NULL,
  `phone_num` char(15) DEFAULT NULL,
  `email` char(30) DEFAULT NULL,
  `birth` datetime DEFAULT NULL,
  `introduction` varchar(255) DEFAULT NULL,
  `location` varchar(45) DEFAULT NULL,
  `avatar` varchar(255) DEFAULT NULL,
  `create_time` datetime NOT NULL,
  `update_time` datetime NOT NULL,
  PRIMARY KEY (`id`),
  UNIQUE KEY `username_UNIQUE` (`username`),
  UNIQUE KEY `phone_num_UNIQUE` (`phone_num`),
  UNIQUE KEY `email_UNIQUE` (`email`)
) ENGINE=InnoDB AUTO_INCREMENT=65 DEFAULT CHARSET=utf8mb3;
/*!40101 SET character_set_client = @saved_cs_client */;

--
-- Dumping data for table `user`
--

LOCK TABLES `user` WRITE;
/*!40000 ALTER TABLE `user` DISABLE KEYS */;
INSERT INTO `user` VALUES (5,'momo','24c14f112462b440c3de9523b05c4c59',1,NULL,NULL,'2019-01-08 00:00:00','今天很开心啊','山西','/img/avatarImages/17846186193311784616300543IMG_2066.JPG','2019-01-07 16:16:42','2026-07-21 15:26:07'),(12,'yoona','24c14f112462b440c3de9523b05c4c59',0,NULL,'1236795@qq.com','2019-04-25 00:00:00','好好吃饭','北京','/img/avatarImages/17846187105371649527868607author.jpg','2019-04-25 10:56:54','2026-07-21 15:25:45'),(61,'Yin','24c14f112462b440c3de9523b05c4c59',2,NULL,'yinhongwei96@126.com','2019-12-01 00:00:00','早起早睡','山西','/img/avatarImages/1784619833310L1.jpg','2022-09-23 22:41:52','2026-07-21 15:43:53');
/*!40000 ALTER TABLE `user` ENABLE KEYS */;
UNLOCK TABLES;

--
-- Table structure for table `user_support`
--

DROP TABLE IF EXISTS `user_support`;
/*!40101 SET @saved_cs_client     = @@character_set_client */;
/*!50503 SET character_set_client = utf8mb4 */;
CREATE TABLE `user_support` (
  `id` int unsigned NOT NULL AUTO_INCREMENT,
  `comment_id` int unsigned NOT NULL,
  `user_id` int unsigned NOT NULL,
  PRIMARY KEY (`id`),
  UNIQUE KEY `uk_user_support_comment_user` (`comment_id`,`user_id`)
) ENGINE=InnoDB AUTO_INCREMENT=6 DEFAULT CHARSET=utf8mb4 COLLATE=utf8mb4_unicode_ci;
/*!40101 SET character_set_client = @saved_cs_client */;

--
-- Dumping data for table `user_support`
--

LOCK TABLES `user_support` WRITE;
/*!40000 ALTER TABLE `user_support` DISABLE KEYS */;
INSERT INTO `user_support` VALUES (5,64,61),(3,72,61);
/*!40000 ALTER TABLE `user_support` ENABLE KEYS */;
UNLOCK TABLES;

--
-- Dumping routines for database 'yin_music'
--
/*!40103 SET TIME_ZONE=@OLD_TIME_ZONE */;

/*!40101 SET SQL_MODE=@OLD_SQL_MODE */;
/*!40014 SET FOREIGN_KEY_CHECKS=@OLD_FOREIGN_KEY_CHECKS */;
/*!40014 SET UNIQUE_CHECKS=@OLD_UNIQUE_CHECKS */;
/*!40101 SET CHARACTER_SET_CLIENT=@OLD_CHARACTER_SET_CLIENT */;
/*!40101 SET CHARACTER_SET_RESULTS=@OLD_CHARACTER_SET_RESULTS */;
/*!40101 SET COLLATION_CONNECTION=@OLD_COLLATION_CONNECTION */;
/*!40111 SET SQL_NOTES=@OLD_SQL_NOTES */;

-- Dump completed on 2026-07-21 15:53:21
